region	axis	CLNSIG_SIMPLE	n_variants	n_gscore_changed	pct_gscore_changed	mean_abs_delta_all	mean_abs_delta_when_changed	mean_signed_delta	ROLE_SHORT	CLNDN_TERM
5utr	ClinVar_CLNSIG	Conflicting	26	15	57.69230769230769	9.961538461538462	17.266666666666666	-9.884615384615385		
5utr	ClinVar_CLNSIG	Benign	49	18	36.734693877551024	4.040816326530612	11.0	-3.795918367346939		
5utr	ClinVar_CLNSIG	Likely benign	98	35	35.714285714285715	2.438775510204082	6.828571428571428	-2.295918367346939		
5utr	ClinVar_CLNSIG	Uncertain significance	204	69	33.8235294117647	3.549019607843137	10.492753623188406	-3.2745098039215685		
5utr	ClinVar_CLNSIG	Not reported	27	7	25.925925925925927	1.8148148148148149	7.0	-1.2962962962962963		
5utr	COSMIC_role		10	8	80.0	8.3	10.375	-7.5	Not reported	
5utr	COSMIC_role		311	112	36.01286173633441	3.7717041800643085	10.473214285714286	-3.540192926045016	TSG	
5utr	COSMIC_role		83	21	25.301204819277107	2.325301204819277	9.19047619047619	-2.2289156626506026	fusion	
5utr	COSMIC_role		96	24	25.0	1.7083333333333333	6.833333333333333	-1.3333333333333333	oncogene	
5utr	ClinVar_CLNDN		20	16	80.0	27.2	34.0	-27.2		Hereditary nonpolyposis colorectal neoplasms
5utr	ClinVar_CLNDN		29	14	48.275862068965516	1.896551724137931	3.9285714285714284	-1.1379310344827587		Retinoblastoma
5utr	ClinVar_CLNDN		54	22	40.74074074074074	5.555555555555555	13.636363636363637	-5.518518518518518		Hereditary cancer-predisposing syndrome
5utr	ClinVar_CLNDN		31	2	6.451612903225806	1.0	15.5	-1.0		Hereditary breast ovarian cancer syndrome
5utr	ClinVar_CLNDN		8	0	0.0	0.0		0.0		Breast-ovarian cancer, familial, susceptibility to, 2
