SEQUENCE_ID	HEADER	GENE	GENE_NO	TRANSCRIPT	STRAND	COSMIC	REGION	INPUT_SEQUENCE_LENGTH	QGRS_COUNT	MAX_GSCORE	MAX_TETRADS	HAS_QGRS	STATUS
1	GENE=ALK|GENE_NO=20|TRANSCRIPT=ENST00000389048.8|STRAND=-|COSMIC=COSG59677|REGION=5UTR(-)|VARIANT=2:29920691_C>T|ALT_INDEX=1|TX_POS=896|TX_CHANGE=G>A|G_CHANGE_CLASS=from_G	ALK	20	ENST00000389048.8	-	COSG59677	5UTR(-)	927	6	61	3	y	ok
2	GENE=ALK|GENE_NO=20|TRANSCRIPT=ENST00000389048.8|STRAND=-|COSMIC=COSG59677|REGION=5UTR(-)|VARIANT=2:29920932_C>G|ALT_INDEX=1|TX_POS=655|TX_CHANGE=G>C|G_CHANGE_CLASS=from_G	ALK	20	ENST00000389048.8	-	COSG59677	5UTR(-)	927	6	61	3	y	ok
3	GENE=ALK|GENE_NO=20|TRANSCRIPT=ENST00000389048.8|STRAND=-|COSMIC=COSG59677|REGION=5UTR(-)|VARIANT=2:29920935_C>T|ALT_INDEX=1|TX_POS=652|TX_CHANGE=G>A|G_CHANGE_CLASS=from_G	ALK	20	ENST00000389048.8	-	COSG59677	5UTR(-)	927	6	61	3	y	ok
4	GENE=ALK|GENE_NO=20|TRANSCRIPT=ENST00000389048.8|STRAND=-|COSMIC=COSG59677|REGION=5UTR(-)|VARIANT=2:29920951_C>T|ALT_INDEX=1|TX_POS=636|TX_CHANGE=G>A|G_CHANGE_CLASS=from_G	ALK	20	ENST00000389048.8	-	COSG59677	5UTR(-)	927	6	61	3	y	ok
5	GENE=ALK|GENE_NO=20|TRANSCRIPT=ENST00000389048.8|STRAND=-|COSMIC=COSG59677|REGION=5UTR(-)|VARIANT=2:29921035_C>T|ALT_INDEX=1|TX_POS=552|TX_CHANGE=G>A|G_CHANGE_CLASS=from_G	ALK	20	ENST00000389048.8	-	COSG59677	5UTR(-)	927	6	61	3	y	ok
6	GENE=ALK|GENE_NO=20|TRANSCRIPT=ENST00000389048.8|STRAND=-|COSMIC=COSG59677|REGION=5UTR(-)|VARIANT=2:29921336_C>T|ALT_INDEX=1|TX_POS=251|TX_CHANGE=G>A|G_CHANGE_CLASS=from_G	ALK	20	ENST00000389048.8	-	COSG59677	5UTR(-)	927	6	61	3	y	ok
7	GENE=ANK1|GENE_NO=22|TRANSCRIPT=ENST00000289734.13|STRAND=-|COSMIC=COSG110999|REGION=5UTR(-)|VARIANT=8:41797571_C>T|ALT_INDEX=1|TX_POS=52|TX_CHANGE=G>A|G_CHANGE_CLASS=from_G	ANK1	22	ENST00000289734.13	-	COSG110999	5UTR(-)	84	0	0	0	n	ok
8	GENE=APC|GENE_NO=23|TRANSCRIPT=ENST00000257430.9|STRAND=+|COSMIC=COSG108961|REGION=5UTR(+)|VARIANT=5:112737914_C>G|ALT_INDEX=1|TX_POS=30|TX_CHANGE=C>G|G_CHANGE_CLASS=to_G	APC	23	ENST00000257430.9	+	COSG108961	5UTR(+)	59	1	35	2	y	ok
9	GENE=ARID1A|GENE_NO=32|TRANSCRIPT=ENST00000324856.13|STRAND=+|COSMIC=COSG71518|REGION=5UTR(+)|VARIANT=1:26696349_G>T|ALT_INDEX=1|TX_POS=335|TX_CHANGE=G>T|G_CHANGE_CLASS=from_G	ARID1A	32	ENST00000324856.13	+	COSG71518	5UTR(+)	389	2	78	4	y	ok
10	GENE=ASPM|GENE_NO=36|TRANSCRIPT=ENST00000367409.9|STRAND=-|COSMIC=COSG93625|REGION=5UTR(-)|VARIANT=1:197146465_C>T|ALT_INDEX=1|TX_POS=205|TX_CHANGE=G>A|G_CHANGE_CLASS=from_G	ASPM	36	ENST00000367409.9	-	COSG93625	5UTR(-)	232	2	34	2	y	ok
11	GENE=ASXL1|GENE_NO=38|TRANSCRIPT=ENST00000375687.10|STRAND=+|COSMIC=COSG63327|REGION=5UTR(+)|VARIANT=20:32358772_A>G|ALT_INDEX=1|TX_POS=442|TX_CHANGE=A>G|G_CHANGE_CLASS=to_G	ASXL1	38	ENST00000375687.10	+	COSG63327	5UTR(+)	445	2	35	2	y	ok
12	GENE=ATM|GENE_NO=42|TRANSCRIPT=ENST00000675843.1|STRAND=+|COSMIC=COSG89944|REGION=5UTR(+)|VARIANT=11:108223123_G>A|ALT_INDEX=1|TX_POS=57|TX_CHANGE=G>A|G_CHANGE_CLASS=from_G	ATM	42	ENST00000675843.1	+	COSG89944	5UTR(+)	150	1	34	2	y	ok
13	GENE=BARD1|GENE_NO=51|TRANSCRIPT=ENST00000260947.9|STRAND=-|COSMIC=COSG71483|REGION=5UTR(-)|VARIANT=2:214809647_C>T|ALT_INDEX=1|TX_POS=37|TX_CHANGE=G>A|G_CHANGE_CLASS=from_G	BARD1	51	ENST00000260947.9	-	COSG71483	5UTR(-)	114	0	0	0	n	ok
14	GENE=BCL2L12|GENE_NO=58|TRANSCRIPT=ENST00000246784.8|STRAND=+|COSMIC=COSG58663|REGION=5UTR(+)|VARIANT=19:49665950_G>C|ALT_INDEX=1|TX_POS=18|TX_CHANGE=G>C|G_CHANGE_CLASS=from_G	BCL2L12	58	ENST00000246784.8	+	COSG58663	5UTR(+)	143	2	36	2	y	ok
15	GENE=BCL2L12|GENE_NO=58|TRANSCRIPT=ENST00000246784.8|STRAND=+|COSMIC=COSG58663|REGION=5UTR(+)|VARIANT=19:49665972_G>C|ALT_INDEX=1|TX_POS=40|TX_CHANGE=G>C|G_CHANGE_CLASS=from_G	BCL2L12	58	ENST00000246784.8	+	COSG58663	5UTR(+)	143	2	36	2	y	ok
16	GENE=BCL2L12|GENE_NO=58|TRANSCRIPT=ENST00000246784.8|STRAND=+|COSMIC=COSG58663|REGION=5UTR(+)|VARIANT=19:49666041_G>C|ALT_INDEX=1|TX_POS=109|TX_CHANGE=G>C|G_CHANGE_CLASS=from_G	BCL2L12	58	ENST00000246784.8	+	COSG58663	5UTR(+)	143	2	36	2	y	ok
17	GENE=BCL2L12|GENE_NO=58|TRANSCRIPT=ENST00000246784.8|STRAND=+|COSMIC=COSG58663|REGION=5UTR(+)|VARIANT=19:49666045_G>T|ALT_INDEX=1|TX_POS=113|TX_CHANGE=G>T|G_CHANGE_CLASS=from_G	BCL2L12	58	ENST00000246784.8	+	COSG58663	5UTR(+)	143	2	35	2	y	ok
18	GENE=BCL9|GENE_NO=62|TRANSCRIPT=ENST00000234739.8|STRAND=+|COSMIC=COSG114870|REGION=5UTR(+)|VARIANT=1:147606805_G>T|ALT_INDEX=1|TX_POS=331|TX_CHANGE=G>T|G_CHANGE_CLASS=from_G	BCL9	62	ENST00000234739.8	+	COSG114870	5UTR(+)	651	4	36	2	y	ok
19	GENE=BCORL1|GENE_NO=66|TRANSCRIPT=ENST00000540052.6|STRAND=+|COSMIC=COSG92901|REGION=5UTR(+)|VARIANT=X:130005219_G>A|ALT_INDEX=1|TX_POS=160|TX_CHANGE=G>A|G_CHANGE_CLASS=from_G	BCORL1	66	ENST00000540052.6	+	COSG92901	5UTR(+)	172	1	36	2	y	ok
20	GENE=BCORL1|GENE_NO=66|TRANSCRIPT=ENST00000540052.6|STRAND=+|COSMIC=COSG92901|REGION=5UTR(+)|VARIANT=X:130005220_T>G|ALT_INDEX=1|TX_POS=161|TX_CHANGE=T>G|G_CHANGE_CLASS=to_G	BCORL1	66	ENST00000540052.6	+	COSG92901	5UTR(+)	172	1	36	2	y	ok
21	GENE=BMPR1A|GENE_NO=72|TRANSCRIPT=ENST00000372037.8|STRAND=+|COSMIC=COSG95149|REGION=5UTR(+)|VARIANT=10:86756714_G>A|ALT_INDEX=1|TX_POS=96|TX_CHANGE=G>A|G_CHANGE_CLASS=from_G	BMPR1A	72	ENST00000372037.8	+	COSG95149	5UTR(+)	568	2	62	3	y	ok
22	GENE=BMPR1A|GENE_NO=72|TRANSCRIPT=ENST00000372037.8|STRAND=+|COSMIC=COSG95149|REGION=5UTR(+)|VARIANT=10:86756719_G>A|ALT_INDEX=1|TX_POS=101|TX_CHANGE=G>A|G_CHANGE_CLASS=from_G	BMPR1A	72	ENST00000372037.8	+	COSG95149	5UTR(+)	568	2	56	3	y	ok
23	GENE=BRAF|GENE_NO=73|TRANSCRIPT=ENST00000646891.2|STRAND=-|COSMIC=COSG99109|REGION=5UTR(-)|VARIANT=7:140924712_C>A|ALT_INDEX=1|TX_POS=218|TX_CHANGE=G>T|G_CHANGE_CLASS=from_G	BRAF	73	ENST00000646891.2	-	COSG99109	5UTR(-)	226	1	35	2	y	ok
24	GENE=BRAF|GENE_NO=73|TRANSCRIPT=ENST00000646891.2|STRAND=-|COSMIC=COSG99109|REGION=5UTR(-)|VARIANT=7:140924713_G>C|ALT_INDEX=1|TX_POS=217|TX_CHANGE=C>G|G_CHANGE_CLASS=to_G	BRAF	73	ENST00000646891.2	-	COSG99109	5UTR(-)	226	2	35	2	y	ok
25	GENE=BRAF|GENE_NO=73|TRANSCRIPT=ENST00000646891.2|STRAND=-|COSMIC=COSG99109|REGION=5UTR(-)|VARIANT=7:140924721_G>C|ALT_INDEX=1|TX_POS=209|TX_CHANGE=C>G|G_CHANGE_CLASS=to_G	BRAF	73	ENST00000646891.2	-	COSG99109	5UTR(-)	226	2	35	2	y	ok
26	GENE=BRAF|GENE_NO=73|TRANSCRIPT=ENST00000646891.2|STRAND=-|COSMIC=COSG99109|REGION=5UTR(-)|VARIANT=7:140924876_C>T|ALT_INDEX=1|TX_POS=54|TX_CHANGE=G>A|G_CHANGE_CLASS=from_G	BRAF	73	ENST00000646891.2	-	COSG99109	5UTR(-)	226	2	35	2	y	ok
27	GENE=BRCA1|GENE_NO=74|TRANSCRIPT=ENST00000357654.9|STRAND=-|COSMIC=COSG75342|REGION=5UTR(-)|VARIANT=17:43125350_C>G|ALT_INDEX=1|TX_POS=15|TX_CHANGE=G>C|G_CHANGE_CLASS=from_G	BRCA1	74	ENST00000357654.9	-	COSG75342	5UTR(-)	113	1	34	2	y	ok
28	GENE=BRCA2|GENE_NO=75|TRANSCRIPT=ENST00000380152.8|STRAND=+|COSMIC=COSG68498|REGION=5UTR(+)|VARIANT=13:32315582_G>C|ALT_INDEX=1|TX_POS=75|TX_CHANGE=G>C|G_CHANGE_CLASS=from_G	BRCA2	75	ENST00000380152.8	+	COSG68498	5UTR(+)	199	2	34	2	y	ok
29	GENE=BRCA2|GENE_NO=75|TRANSCRIPT=ENST00000380152.8|STRAND=+|COSMIC=COSG68498|REGION=5UTR(+)|VARIANT=13:32315584_G>T|ALT_INDEX=1|TX_POS=77|TX_CHANGE=G>T|G_CHANGE_CLASS=from_G	BRCA2	75	ENST00000380152.8	+	COSG68498	5UTR(+)	199	2	35	2	y	ok
30	GENE=BRCA2|GENE_NO=75|TRANSCRIPT=ENST00000380152.8|STRAND=+|COSMIC=COSG68498|REGION=5UTR(+)|VARIANT=13:32315662_G>C|ALT_INDEX=1|TX_POS=155|TX_CHANGE=G>C|G_CHANGE_CLASS=from_G	BRCA2	75	ENST00000380152.8	+	COSG68498	5UTR(+)	199	2	35	2	y	ok
31	GENE=BRCA2|GENE_NO=75|TRANSCRIPT=ENST00000380152.8|STRAND=+|COSMIC=COSG68498|REGION=5UTR(+)|VARIANT=13:32315662_G>T|ALT_INDEX=1|TX_POS=155|TX_CHANGE=G>T|G_CHANGE_CLASS=from_G	BRCA2	75	ENST00000380152.8	+	COSG68498	5UTR(+)	199	2	35	2	y	ok
32	GENE=BRCA2|GENE_NO=75|TRANSCRIPT=ENST00000380152.8|STRAND=+|COSMIC=COSG68498|REGION=5UTR(+)|VARIANT=13:32315664_G>A|ALT_INDEX=1|TX_POS=157|TX_CHANGE=G>A|G_CHANGE_CLASS=from_G	BRCA2	75	ENST00000380152.8	+	COSG68498	5UTR(+)	199	2	35	2	y	ok
33	GENE=BRCA2|GENE_NO=75|TRANSCRIPT=ENST00000380152.8|STRAND=+|COSMIC=COSG68498|REGION=5UTR(+)|VARIANT=13:32315664_G>T|ALT_INDEX=1|TX_POS=157|TX_CHANGE=G>T|G_CHANGE_CLASS=from_G	BRCA2	75	ENST00000380152.8	+	COSG68498	5UTR(+)	199	2	35	2	y	ok
34	GENE=BRCA2|GENE_NO=75|TRANSCRIPT=ENST00000380152.8|STRAND=+|COSMIC=COSG68498|REGION=5UTR(+)|VARIANT=13:32315665_C>G|ALT_INDEX=1|TX_POS=158|TX_CHANGE=C>G|G_CHANGE_CLASS=to_G	BRCA2	75	ENST00000380152.8	+	COSG68498	5UTR(+)	199	1	35	2	y	ok
35	GENE=BRCA2|GENE_NO=75|TRANSCRIPT=ENST00000380152.8|STRAND=+|COSMIC=COSG68498|REGION=5UTR(+)|VARIANT=13:32315666_G>A|ALT_INDEX=1|TX_POS=159|TX_CHANGE=G>A|G_CHANGE_CLASS=from_G	BRCA2	75	ENST00000380152.8	+	COSG68498	5UTR(+)	199	2	35	2	y	ok
36	GENE=BRCA2|GENE_NO=75|TRANSCRIPT=ENST00000380152.8|STRAND=+|COSMIC=COSG68498|REGION=5UTR(+)|VARIANT=13:32315667_G>A|ALT_INDEX=1|TX_POS=160|TX_CHANGE=G>A|G_CHANGE_CLASS=from_G	BRCA2	75	ENST00000380152.8	+	COSG68498	5UTR(+)	199	2	35	2	y	ok
37	GENE=BRCA2|GENE_NO=75|TRANSCRIPT=ENST00000380152.8|STRAND=+|COSMIC=COSG68498|REGION=5UTR(+)|VARIANT=13:32315667_G>C|ALT_INDEX=1|TX_POS=160|TX_CHANGE=G>C|G_CHANGE_CLASS=from_G	BRCA2	75	ENST00000380152.8	+	COSG68498	5UTR(+)	199	2	35	2	y	ok
38	GENE=BRCA2|GENE_NO=75|TRANSCRIPT=ENST00000380152.8|STRAND=+|COSMIC=COSG68498|REGION=5UTR(+)|VARIANT=13:32315667_G>T|ALT_INDEX=1|TX_POS=160|TX_CHANGE=G>T|G_CHANGE_CLASS=from_G	BRCA2	75	ENST00000380152.8	+	COSG68498	5UTR(+)	199	2	35	2	y	ok
39	GENE=BRCA2|GENE_NO=75|TRANSCRIPT=ENST00000380152.8|STRAND=+|COSMIC=COSG68498|REGION=5UTR(+)|VARIANT=13:32316426_A>G|ALT_INDEX=1|TX_POS=165|TX_CHANGE=A>G|G_CHANGE_CLASS=to_G	BRCA2	75	ENST00000380152.8	+	COSG68498	5UTR(+)	199	2	35	2	y	ok
40	GENE=BRCA2|GENE_NO=75|TRANSCRIPT=ENST00000380152.8|STRAND=+|COSMIC=COSG68498|REGION=5UTR(+)|VARIANT=13:32316430_A>G|ALT_INDEX=1|TX_POS=169|TX_CHANGE=A>G|G_CHANGE_CLASS=to_G	BRCA2	75	ENST00000380152.8	+	COSG68498	5UTR(+)	199	2	35	2	y	ok
41	GENE=BRCA2|GENE_NO=75|TRANSCRIPT=ENST00000380152.8|STRAND=+|COSMIC=COSG68498|REGION=5UTR(+)|VARIANT=13:32316432_C>G|ALT_INDEX=1|TX_POS=171|TX_CHANGE=C>G|G_CHANGE_CLASS=to_G	BRCA2	75	ENST00000380152.8	+	COSG68498	5UTR(+)	199	2	35	2	y	ok
42	GENE=BRCA2|GENE_NO=75|TRANSCRIPT=ENST00000380152.8|STRAND=+|COSMIC=COSG68498|REGION=5UTR(+)|VARIANT=13:32316434_A>G|ALT_INDEX=1|TX_POS=173|TX_CHANGE=A>G|G_CHANGE_CLASS=to_G	BRCA2	75	ENST00000380152.8	+	COSG68498	5UTR(+)	199	1	35	2	y	ok
43	GENE=BRCA2|GENE_NO=75|TRANSCRIPT=ENST00000380152.8|STRAND=+|COSMIC=COSG68498|REGION=5UTR(+)|VARIANT=13:32316435_G>A|ALT_INDEX=1|TX_POS=174|TX_CHANGE=G>A|G_CHANGE_CLASS=from_G	BRCA2	75	ENST00000380152.8	+	COSG68498	5UTR(+)	199	2	35	2	y	ok
44	GENE=BRCA2|GENE_NO=75|TRANSCRIPT=ENST00000380152.8|STRAND=+|COSMIC=COSG68498|REGION=5UTR(+)|VARIANT=13:32316435_G>C|ALT_INDEX=1|TX_POS=174|TX_CHANGE=G>C|G_CHANGE_CLASS=from_G	BRCA2	75	ENST00000380152.8	+	COSG68498	5UTR(+)	199	2	35	2	y	ok
45	GENE=BRCA2|GENE_NO=75|TRANSCRIPT=ENST00000380152.8|STRAND=+|COSMIC=COSG68498|REGION=5UTR(+)|VARIANT=13:32316435_G>T|ALT_INDEX=1|TX_POS=174|TX_CHANGE=G>T|G_CHANGE_CLASS=from_G	BRCA2	75	ENST00000380152.8	+	COSG68498	5UTR(+)	199	2	35	2	y	ok
46	GENE=BRCA2|GENE_NO=75|TRANSCRIPT=ENST00000380152.8|STRAND=+|COSMIC=COSG68498|REGION=5UTR(+)|VARIANT=13:32316437_A>G|ALT_INDEX=1|TX_POS=176|TX_CHANGE=A>G|G_CHANGE_CLASS=to_G	BRCA2	75	ENST00000380152.8	+	COSG68498	5UTR(+)	199	2	35	2	y	ok
47	GENE=BRCA2|GENE_NO=75|TRANSCRIPT=ENST00000380152.8|STRAND=+|COSMIC=COSG68498|REGION=5UTR(+)|VARIANT=13:32316440_G>A|ALT_INDEX=1|TX_POS=179|TX_CHANGE=G>A|G_CHANGE_CLASS=from_G	BRCA2	75	ENST00000380152.8	+	COSG68498	5UTR(+)	199	2	35	2	y	ok
48	GENE=BRCA2|GENE_NO=75|TRANSCRIPT=ENST00000380152.8|STRAND=+|COSMIC=COSG68498|REGION=5UTR(+)|VARIANT=13:32316441_G>A|ALT_INDEX=1|TX_POS=180|TX_CHANGE=G>A|G_CHANGE_CLASS=from_G	BRCA2	75	ENST00000380152.8	+	COSG68498	5UTR(+)	199	2	35	2	y	ok
49	GENE=BRCA2|GENE_NO=75|TRANSCRIPT=ENST00000380152.8|STRAND=+|COSMIC=COSG68498|REGION=5UTR(+)|VARIANT=13:32316441_G>T|ALT_INDEX=1|TX_POS=180|TX_CHANGE=G>T|G_CHANGE_CLASS=from_G	BRCA2	75	ENST00000380152.8	+	COSG68498	5UTR(+)	199	2	35	2	y	ok
50	GENE=BRCA2|GENE_NO=75|TRANSCRIPT=ENST00000380152.8|STRAND=+|COSMIC=COSG68498|REGION=5UTR(+)|VARIANT=13:32316443_G>C|ALT_INDEX=1|TX_POS=182|TX_CHANGE=G>C|G_CHANGE_CLASS=from_G	BRCA2	75	ENST00000380152.8	+	COSG68498	5UTR(+)	199	2	35	2	y	ok
51	GENE=BRCA2|GENE_NO=75|TRANSCRIPT=ENST00000380152.8|STRAND=+|COSMIC=COSG68498|REGION=5UTR(+)|VARIANT=13:32316443_G>T|ALT_INDEX=1|TX_POS=182|TX_CHANGE=G>T|G_CHANGE_CLASS=from_G	BRCA2	75	ENST00000380152.8	+	COSG68498	5UTR(+)	199	2	35	2	y	ok
52	GENE=BRCA2|GENE_NO=75|TRANSCRIPT=ENST00000380152.8|STRAND=+|COSMIC=COSG68498|REGION=5UTR(+)|VARIANT=13:32316444_G>C|ALT_INDEX=1|TX_POS=183|TX_CHANGE=G>C|G_CHANGE_CLASS=from_G	BRCA2	75	ENST00000380152.8	+	COSG68498	5UTR(+)	199	2	35	2	y	ok
53	GENE=BRCA2|GENE_NO=75|TRANSCRIPT=ENST00000380152.8|STRAND=+|COSMIC=COSG68498|REGION=5UTR(+)|VARIANT=13:32316448_A>G|ALT_INDEX=1|TX_POS=187|TX_CHANGE=A>G|G_CHANGE_CLASS=to_G	BRCA2	75	ENST00000380152.8	+	COSG68498	5UTR(+)	199	2	35	2	y	ok
54	GENE=BRCA2|GENE_NO=75|TRANSCRIPT=ENST00000380152.8|STRAND=+|COSMIC=COSG68498|REGION=5UTR(+)|VARIANT=13:32316449_T>G|ALT_INDEX=1|TX_POS=188|TX_CHANGE=T>G|G_CHANGE_CLASS=to_G	BRCA2	75	ENST00000380152.8	+	COSG68498	5UTR(+)	199	2	35	2	y	ok
55	GENE=BRCA2|GENE_NO=75|TRANSCRIPT=ENST00000380152.8|STRAND=+|COSMIC=COSG68498|REGION=5UTR(+)|VARIANT=13:32316450_C>G|ALT_INDEX=1|TX_POS=189|TX_CHANGE=C>G|G_CHANGE_CLASS=to_G	BRCA2	75	ENST00000380152.8	+	COSG68498	5UTR(+)	199	2	35	2	y	ok
56	GENE=BRCA2|GENE_NO=75|TRANSCRIPT=ENST00000380152.8|STRAND=+|COSMIC=COSG68498|REGION=5UTR(+)|VARIANT=13:32316451_G>A|ALT_INDEX=1|TX_POS=190|TX_CHANGE=G>A|G_CHANGE_CLASS=from_G	BRCA2	75	ENST00000380152.8	+	COSG68498	5UTR(+)	199	2	35	2	y	ok
57	GENE=BRCA2|GENE_NO=75|TRANSCRIPT=ENST00000380152.8|STRAND=+|COSMIC=COSG68498|REGION=5UTR(+)|VARIANT=13:32316451_G>C|ALT_INDEX=1|TX_POS=190|TX_CHANGE=G>C|G_CHANGE_CLASS=from_G	BRCA2	75	ENST00000380152.8	+	COSG68498	5UTR(+)	199	2	35	2	y	ok
58	GENE=BRCA2|GENE_NO=75|TRANSCRIPT=ENST00000380152.8|STRAND=+|COSMIC=COSG68498|REGION=5UTR(+)|VARIANT=13:32316453_A>G|ALT_INDEX=1|TX_POS=192|TX_CHANGE=A>G|G_CHANGE_CLASS=to_G	BRCA2	75	ENST00000380152.8	+	COSG68498	5UTR(+)	199	2	35	2	y	ok
59	GENE=BRCA2|GENE_NO=75|TRANSCRIPT=ENST00000380152.8|STRAND=+|COSMIC=COSG68498|REGION=5UTR(+)|VARIANT=13:32316454_G>A|ALT_INDEX=1|TX_POS=193|TX_CHANGE=G>A|G_CHANGE_CLASS=from_G	BRCA2	75	ENST00000380152.8	+	COSG68498	5UTR(+)	199	2	35	2	y	ok
60	GENE=BRCA2|GENE_NO=75|TRANSCRIPT=ENST00000380152.8|STRAND=+|COSMIC=COSG68498|REGION=5UTR(+)|VARIANT=13:32316454_G>C|ALT_INDEX=1|TX_POS=193|TX_CHANGE=G>C|G_CHANGE_CLASS=from_G	BRCA2	75	ENST00000380152.8	+	COSG68498	5UTR(+)	199	2	35	2	y	ok
61	GENE=BRCA2|GENE_NO=75|TRANSCRIPT=ENST00000380152.8|STRAND=+|COSMIC=COSG68498|REGION=5UTR(+)|VARIANT=13:32316455_G>A|ALT_INDEX=1|TX_POS=194|TX_CHANGE=G>A|G_CHANGE_CLASS=from_G	BRCA2	75	ENST00000380152.8	+	COSG68498	5UTR(+)	199	2	35	2	y	ok
62	GENE=BRCA2|GENE_NO=75|TRANSCRIPT=ENST00000380152.8|STRAND=+|COSMIC=COSG68498|REGION=5UTR(+)|VARIANT=13:32316455_G>C|ALT_INDEX=1|TX_POS=194|TX_CHANGE=G>C|G_CHANGE_CLASS=from_G	BRCA2	75	ENST00000380152.8	+	COSG68498	5UTR(+)	199	2	35	2	y	ok
63	GENE=BRIP1|GENE_NO=78|TRANSCRIPT=ENST00000259008.7|STRAND=-|COSMIC=COSG80352|REGION=5UTR(-)|VARIANT=17:61863485_C>T|ALT_INDEX=1|TX_POS=44|TX_CHANGE=G>A|G_CHANGE_CLASS=from_G	BRIP1	78	ENST00000259008.7	-	COSG80352	5UTR(-)	275	1	35	2	y	ok
64	GENE=CANT1|GENE_NO=87|TRANSCRIPT=ENST00000392446.10|STRAND=-|COSMIC=COSG63866|REGION=5UTR(-)|VARIANT=17:78997898_C>T|ALT_INDEX=1|TX_POS=167|TX_CHANGE=G>A|G_CHANGE_CLASS=from_G	CANT1	87	ENST00000392446.10	-	COSG63866	5UTR(-)	247	2	33	2	y	ok
65	GENE=CANT1|GENE_NO=87|TRANSCRIPT=ENST00000392446.10|STRAND=-|COSMIC=COSG63866|REGION=5UTR(-)|VARIANT=17:79009670_C>A|ALT_INDEX=1|TX_POS=95|TX_CHANGE=G>T|G_CHANGE_CLASS=from_G	CANT1	87	ENST00000392446.10	-	COSG63866	5UTR(-)	247	2	33	2	y	ok
66	GENE=CANT1|GENE_NO=87|TRANSCRIPT=ENST00000392446.10|STRAND=-|COSMIC=COSG63866|REGION=5UTR(-)|VARIANT=17:79009681_C>T|ALT_INDEX=1|TX_POS=84|TX_CHANGE=G>A|G_CHANGE_CLASS=from_G	CANT1	87	ENST00000392446.10	-	COSG63866	5UTR(-)	247	1	33	2	y	ok
67	GENE=CBL|GENE_NO=95|TRANSCRIPT=ENST00000264033.6|STRAND=+|COSMIC=COSG108842|REGION=5UTR(+)|VARIANT=11:119206392_G>C|ALT_INDEX=1|TX_POS=54|TX_CHANGE=G>C|G_CHANGE_CLASS=from_G	CBL	95	ENST00000264033.6	+	COSG108842	5UTR(+)	79	1	26	2	y	ok
68	GENE=CBL|GENE_NO=95|TRANSCRIPT=ENST00000264033.6|STRAND=+|COSMIC=COSG108842|REGION=5UTR(+)|VARIANT=11:119206413_A>G|ALT_INDEX=1|TX_POS=75|TX_CHANGE=A>G|G_CHANGE_CLASS=to_G	CBL	95	ENST00000264033.6	+	COSG108842	5UTR(+)	79	1	27	2	y	ok
69	GENE=CCND2|GENE_NO=102|TRANSCRIPT=ENST00000261254.8|STRAND=+|COSMIC=COSG114253|REGION=5UTR(+)|VARIANT=12:4273820_G>A|ALT_INDEX=1|TX_POS=59|TX_CHANGE=G>A|G_CHANGE_CLASS=from_G	CCND2	102	ENST00000261254.8	+	COSG114253	5UTR(+)	279	3	60	3	y	ok
70	GENE=CCND2|GENE_NO=102|TRANSCRIPT=ENST00000261254.8|STRAND=+|COSMIC=COSG114253|REGION=5UTR(+)|VARIANT=12:4274005_G>T|ALT_INDEX=1|TX_POS=244|TX_CHANGE=G>T|G_CHANGE_CLASS=from_G	CCND2	102	ENST00000261254.8	+	COSG114253	5UTR(+)	279	3	35	2	y	ok
71	GENE=CCR7|GENE_NO=106|TRANSCRIPT=ENST00000246657.2|STRAND=-|COSMIC=COSG64716|REGION=5UTR(-)|VARIANT=17:40565460_A>C|ALT_INDEX=1|TX_POS=13|TX_CHANGE=T>G|G_CHANGE_CLASS=to_G	CCR7	106	ENST00000246657.2	-	COSG64716	5UTR(-)	63	1	36	2	y	ok
72	GENE=CD74|GENE_NO=110|TRANSCRIPT=ENST00000009530.13|STRAND=-|COSMIC=COSG107983|REGION=5UTR(-)|VARIANT=5:150412764_C>T|ALT_INDEX=1|TX_POS=147|TX_CHANGE=G>A|G_CHANGE_CLASS=from_G	CD74	110	ENST00000009530.13	-	COSG107983	5UTR(-)	161	2	33	2	y	ok
73	GENE=CDC73|GENE_NO=113|TRANSCRIPT=ENST00000367435.5|STRAND=+|COSMIC=COSG72057|REGION=5UTR(+)|VARIANT=1:193122106_G>A|ALT_INDEX=1|TX_POS=76|TX_CHANGE=G>A|G_CHANGE_CLASS=from_G	CDC73	113	ENST00000367435.5	+	COSG72057	5UTR(+)	170	1	36	2	y	ok
74	GENE=CDKN1B|GENE_NO=122|TRANSCRIPT=ENST00000228872.9|STRAND=+|COSMIC=COSG61632|REGION=5UTR(+)|VARIANT=12:12717417_G>A|ALT_INDEX=1|TX_POS=50|TX_CHANGE=G>A|G_CHANGE_CLASS=from_G	CDKN1B	122	ENST00000228872.9	+	COSG61632	5UTR(+)	472	4	60	3	y	ok
75	GENE=CDKN1B|GENE_NO=122|TRANSCRIPT=ENST00000228872.9|STRAND=+|COSMIC=COSG61632|REGION=5UTR(+)|VARIANT=12:12717504_A>G|ALT_INDEX=1|TX_POS=137|TX_CHANGE=A>G|G_CHANGE_CLASS=to_G	CDKN1B	122	ENST00000228872.9	+	COSG61632	5UTR(+)	472	4	62	3	y	ok
76	GENE=CDKN2A|GENE_NO=123|TRANSCRIPT=ENST00000304494.10|STRAND=-|COSMIC=COSG84244|REGION=5UTR(-)|VARIANT=9:21974835_C>T|ALT_INDEX=1|TX_POS=23|TX_CHANGE=G>A|G_CHANGE_CLASS=from_G	CDKN2A	123	ENST00000304494.10	-	COSG84244	5UTR(-)	30	1	34	2	y	ok
77	GENE=CDKN2A|GENE_NO=123|TRANSCRIPT=ENST00000304494.10|STRAND=-|COSMIC=COSG84244|REGION=5UTR(-)|VARIANT=9:21974837_C>A|ALT_INDEX=1|TX_POS=21|TX_CHANGE=G>T|G_CHANGE_CLASS=from_G	CDKN2A	123	ENST00000304494.10	-	COSG84244	5UTR(-)	30	1	34	2	y	ok
78	GENE=CDKN2A|GENE_NO=123|TRANSCRIPT=ENST00000304494.10|STRAND=-|COSMIC=COSG84244|REGION=5UTR(-)|VARIANT=9:21974837_C>G|ALT_INDEX=1|TX_POS=21|TX_CHANGE=G>C|G_CHANGE_CLASS=from_G	CDKN2A	123	ENST00000304494.10	-	COSG84244	5UTR(-)	30	1	34	2	y	ok
79	GENE=CDKN2A|GENE_NO=123|TRANSCRIPT=ENST00000304494.10|STRAND=-|COSMIC=COSG84244|REGION=5UTR(-)|VARIANT=9:21974837_C>T|ALT_INDEX=1|TX_POS=21|TX_CHANGE=G>A|G_CHANGE_CLASS=from_G	CDKN2A	123	ENST00000304494.10	-	COSG84244	5UTR(-)	30	1	34	2	y	ok
80	GENE=CDKN2A|GENE_NO=123|TRANSCRIPT=ENST00000304494.10|STRAND=-|COSMIC=COSG84244|REGION=5UTR(-)|VARIANT=9:21974838_G>C|ALT_INDEX=1|TX_POS=20|TX_CHANGE=C>G|G_CHANGE_CLASS=to_G	CDKN2A	123	ENST00000304494.10	-	COSG84244	5UTR(-)	30	1	35	2	y	ok
81	GENE=CDKN2A|GENE_NO=123|TRANSCRIPT=ENST00000304494.10|STRAND=-|COSMIC=COSG84244|REGION=5UTR(-)|VARIANT=9:21974839_C>T|ALT_INDEX=1|TX_POS=19|TX_CHANGE=G>A|G_CHANGE_CLASS=from_G	CDKN2A	123	ENST00000304494.10	-	COSG84244	5UTR(-)	30	1	32	2	y	ok
82	GENE=CEBPA|GENE_NO=126|TRANSCRIPT=ENST00000498907.3|STRAND=-|COSMIC=COSG97270|REGION=5UTR(-)|VARIANT=19:33302511_C>A|ALT_INDEX=1|TX_POS=24|TX_CHANGE=G>T|G_CHANGE_CLASS=from_G	CEBPA	126	ENST00000498907.3	-	COSG97270	5UTR(-)	120	1	60	3	y	ok
83	GENE=CHD4|GENE_NO=130|TRANSCRIPT=ENST00000544040.7|STRAND=-|COSMIC=COSG85372|REGION=5UTR(-)|VARIANT=12:6606375_C>T|ALT_INDEX=1|TX_POS=157|TX_CHANGE=G>A|G_CHANGE_CLASS=from_G	CHD4	130	ENST00000544040.7	-	COSG85372	5UTR(-)	158	1	35	2	y	ok
84	GENE=CHEK2|GENE_NO=131|TRANSCRIPT=ENST00000404276.6|STRAND=-|COSMIC=COSG85276|REGION=5UTR(-)|VARIANT=22:28741779_C>T|ALT_INDEX=1|TX_POS=42|TX_CHANGE=G>A|G_CHANGE_CLASS=from_G	CHEK2	131	ENST00000404276.6	-	COSG85276	5UTR(-)	58	1	35	2	y	ok
85	GENE=CHEK2|GENE_NO=131|TRANSCRIPT=ENST00000404276.6|STRAND=-|COSMIC=COSG85276|REGION=5UTR(-)|VARIANT=22:28741782_C>G|ALT_INDEX=1|TX_POS=39|TX_CHANGE=G>C|G_CHANGE_CLASS=from_G	CHEK2	131	ENST00000404276.6	-	COSG85276	5UTR(-)	58	1	35	2	y	ok
86	GENE=CHEK2|GENE_NO=131|TRANSCRIPT=ENST00000404276.6|STRAND=-|COSMIC=COSG85276|REGION=5UTR(-)|VARIANT=22:28741788_C>G|ALT_INDEX=1|TX_POS=33|TX_CHANGE=G>C|G_CHANGE_CLASS=from_G	CHEK2	131	ENST00000404276.6	-	COSG85276	5UTR(-)	58	1	32	2	y	ok
87	GENE=CHEK2|GENE_NO=131|TRANSCRIPT=ENST00000404276.6|STRAND=-|COSMIC=COSG85276|REGION=5UTR(-)|VARIANT=22:28741789_C>T|ALT_INDEX=1|TX_POS=32|TX_CHANGE=G>A|G_CHANGE_CLASS=from_G	CHEK2	131	ENST00000404276.6	-	COSG85276	5UTR(-)	58	1	32	2	y	ok
88	GENE=CHEK2|GENE_NO=131|TRANSCRIPT=ENST00000404276.6|STRAND=-|COSMIC=COSG85276|REGION=5UTR(-)|VARIANT=22:28741801_G>C|ALT_INDEX=1|TX_POS=20|TX_CHANGE=C>G|G_CHANGE_CLASS=to_G	CHEK2	131	ENST00000404276.6	-	COSG85276	5UTR(-)	58	1	35	2	y	ok
89	GENE=CHEK2|GENE_NO=131|TRANSCRIPT=ENST00000404276.6|STRAND=-|COSMIC=COSG85276|REGION=5UTR(-)|VARIANT=22:28741802_C>A|ALT_INDEX=1|TX_POS=19|TX_CHANGE=G>T|G_CHANGE_CLASS=from_G	CHEK2	131	ENST00000404276.6	-	COSG85276	5UTR(-)	58	1	35	2	y	ok
90	GENE=CHEK2|GENE_NO=131|TRANSCRIPT=ENST00000404276.6|STRAND=-|COSMIC=COSG85276|REGION=5UTR(-)|VARIANT=22:28741802_C>G|ALT_INDEX=1|TX_POS=19|TX_CHANGE=G>C|G_CHANGE_CLASS=from_G	CHEK2	131	ENST00000404276.6	-	COSG85276	5UTR(-)	58	1	35	2	y	ok
91	GENE=CHEK2|GENE_NO=131|TRANSCRIPT=ENST00000404276.6|STRAND=-|COSMIC=COSG85276|REGION=5UTR(-)|VARIANT=22:28741806_C>G|ALT_INDEX=1|TX_POS=15|TX_CHANGE=G>C|G_CHANGE_CLASS=from_G	CHEK2	131	ENST00000404276.6	-	COSG85276	5UTR(-)	58	1	35	2	y	ok
92	GENE=CIITA|GENE_NO=135|TRANSCRIPT=ENST00000324288.14|STRAND=+|COSMIC=COSG86391|REGION=5UTR(+)|VARIANT=16:10877285_G>A|ALT_INDEX=1|TX_POS=84|TX_CHANGE=G>A|G_CHANGE_CLASS=from_G	CIITA	135	ENST00000324288.14	+	COSG86391	5UTR(+)	129	1	36	2	y	ok
93	GENE=CLIP1|GENE_NO=136|TRANSCRIPT=ENST00000620786.5|STRAND=-|COSMIC=COSG89876|REGION=5UTR(-)|VARIANT=12:122380508_A>C|ALT_INDEX=1|TX_POS=200|TX_CHANGE=T>G|G_CHANGE_CLASS=to_G	CLIP1	136	ENST00000620786.5	-	COSG89876	5UTR(-)	255	3	36	2	y	ok
94	GENE=CNTNAP2|GENE_NO=143|TRANSCRIPT=ENST00000361727.8|STRAND=+|COSMIC=COSG62503|REGION=5UTR(+)|VARIANT=7:146116874_A>G|ALT_INDEX=1|TX_POS=74|TX_CHANGE=A>G|G_CHANGE_CLASS=to_G	CNTNAP2	143	ENST00000361727.8	+	COSG62503	5UTR(+)	76	1	35	2	y	ok
95	GENE=COL1A1|GENE_NO=145|TRANSCRIPT=ENST00000225964.10|STRAND=-|COSMIC=COSG58498|REGION=5UTR(-)|VARIANT=17:50201579_C>T|ALT_INDEX=1|TX_POS=53|TX_CHANGE=G>A|G_CHANGE_CLASS=from_G	COL1A1	145	ENST00000225964.10	-	COSG58498	5UTR(-)	118	1	34	2	y	ok
96	GENE=COL2A1|GENE_NO=146|TRANSCRIPT=ENST00000380518.8|STRAND=-|COSMIC=COSG77932|REGION=5UTR(-)|VARIANT=12:48004336_C>A|ALT_INDEX=1|TX_POS=141|TX_CHANGE=G>T|G_CHANGE_CLASS=from_G	COL2A1	146	ENST00000380518.8	-	COSG77932	5UTR(-)	155	1	30	2	y	ok
97	GENE=COL3A1|GENE_NO=147|TRANSCRIPT=ENST00000304636.9|STRAND=+|COSMIC=COSG86912|REGION=5UTR(+)|VARIANT=2:188974389_G>A|ALT_INDEX=1|TX_POS=17|TX_CHANGE=G>A|G_CHANGE_CLASS=from_G	COL3A1	147	ENST00000304636.9	+	COSG86912	5UTR(+)	117	1	33	2	y	ok
98	GENE=COL3A1|GENE_NO=147|TRANSCRIPT=ENST00000304636.9|STRAND=+|COSMIC=COSG86912|REGION=5UTR(+)|VARIANT=2:188974410_G>A|ALT_INDEX=1|TX_POS=38|TX_CHANGE=G>A|G_CHANGE_CLASS=from_G	COL3A1	147	ENST00000304636.9	+	COSG86912	5UTR(+)	117	1	29	2	y	ok
99	GENE=COX6C|GENE_NO=148|TRANSCRIPT=ENST00000520468.7|STRAND=-|COSMIC=COSG66350|REGION=5UTR(-)|VARIANT=8:99893648_A>C|ALT_INDEX=1|TX_POS=60|TX_CHANGE=T>G|G_CHANGE_CLASS=to_G	COX6C	148	ENST00000520468.7	-	COSG66350	5UTR(-)	100	1	33	2	y	ok
100	GENE=CRNKL1|GENE_NO=155|TRANSCRIPT=ENST00000536226.2|STRAND=-|COSMIC=COSG82052|REGION=5UTR(-)|VARIANT=20:20052369_C>T|ALT_INDEX=1|TX_POS=98|TX_CHANGE=G>A|G_CHANGE_CLASS=from_G	CRNKL1	155	ENST00000536226.2	-	COSG82052	5UTR(-)	124	0	0	0	n	ok
101	GENE=CTNND2|GENE_NO=166|TRANSCRIPT=ENST00000304623.13|STRAND=-|COSMIC=COSG98798|REGION=5UTR(-)|VARIANT=5:11903862_C>T|ALT_INDEX=1|TX_POS=585|TX_CHANGE=G>A|G_CHANGE_CLASS=from_G	CTNND2	166	ENST00000304623.13	-	COSG98798	5UTR(-)	593	2	60	3	y	ok
102	GENE=CUL3|GENE_NO=167|TRANSCRIPT=ENST00000264414.9|STRAND=-|COSMIC=COSG110820|REGION=5UTR(-)|VARIANT=2:224585152_C>G|ALT_INDEX=1|TX_POS=212|TX_CHANGE=G>C|G_CHANGE_CLASS=from_G	CUL3	167	ENST00000264414.9	-	COSG110820	5UTR(-)	354	3	35	2	y	ok
103	GENE=CUL3|GENE_NO=167|TRANSCRIPT=ENST00000264414.9|STRAND=-|COSMIC=COSG110820|REGION=5UTR(-)|VARIANT=2:224585152_C>T|ALT_INDEX=1|TX_POS=212|TX_CHANGE=G>A|G_CHANGE_CLASS=from_G	CUL3	167	ENST00000264414.9	-	COSG110820	5UTR(-)	354	3	35	2	y	ok
104	GENE=CUL3|GENE_NO=167|TRANSCRIPT=ENST00000264414.9|STRAND=-|COSMIC=COSG110820|REGION=5UTR(-)|VARIANT=2:224585279_C>T|ALT_INDEX=1|TX_POS=85|TX_CHANGE=G>A|G_CHANGE_CLASS=from_G	CUL3	167	ENST00000264414.9	-	COSG110820	5UTR(-)	354	3	35	2	y	ok
105	GENE=CYLD|GENE_NO=170|TRANSCRIPT=ENST00000427738.8|STRAND=+|COSMIC=COSG70548|REGION=5UTR(+)|VARIANT=16:50742099_G>C|ALT_INDEX=1|TX_POS=14|TX_CHANGE=G>C|G_CHANGE_CLASS=from_G	CYLD	170	ENST00000427738.8	+	COSG70548	5UTR(+)	242	1	31	2	y	ok
106	GENE=CYLD|GENE_NO=170|TRANSCRIPT=ENST00000427738.8|STRAND=+|COSMIC=COSG70548|REGION=5UTR(+)|VARIANT=16:50742113_C>G|ALT_INDEX=1|TX_POS=28|TX_CHANGE=C>G|G_CHANGE_CLASS=to_G	CYLD	170	ENST00000427738.8	+	COSG70548	5UTR(+)	242	1	35	2	y	ok
107	GENE=DCTN1|GENE_NO=176|TRANSCRIPT=ENST00000628224.3|STRAND=-|COSMIC=COSG63863|REGION=5UTR(-)|VARIANT=2:74380060_C>A|ALT_INDEX=1|TX_POS=252|TX_CHANGE=G>T|G_CHANGE_CLASS=from_G	DCTN1	176	ENST00000628224.3	-	COSG63863	5UTR(-)	274	3	35	2	y	ok
108	GENE=DDB2|GENE_NO=177|TRANSCRIPT=ENST00000256996.9|STRAND=+|COSMIC=COSG102518|REGION=5UTR(+)|VARIANT=11:47214994_A>G|ALT_INDEX=1|TX_POS=21|TX_CHANGE=A>G|G_CHANGE_CLASS=to_G	DDB2	177	ENST00000256996.9	+	COSG102518	5UTR(+)	163	1	35	2	y	ok
109	GENE=DDB2|GENE_NO=177|TRANSCRIPT=ENST00000256996.9|STRAND=+|COSMIC=COSG102518|REGION=5UTR(+)|VARIANT=11:47215014_T>G|ALT_INDEX=1|TX_POS=41|TX_CHANGE=T>G|G_CHANGE_CLASS=to_G	DDB2	177	ENST00000256996.9	+	COSG102518	5UTR(+)	163	1	35	2	y	ok
110	GENE=DDB2|GENE_NO=177|TRANSCRIPT=ENST00000256996.9|STRAND=+|COSMIC=COSG102518|REGION=5UTR(+)|VARIANT=11:47215017_G>A|ALT_INDEX=1|TX_POS=44|TX_CHANGE=G>A|G_CHANGE_CLASS=from_G	DDB2	177	ENST00000256996.9	+	COSG102518	5UTR(+)	163	1	35	2	y	ok
111	GENE=DDB2|GENE_NO=177|TRANSCRIPT=ENST00000256996.9|STRAND=+|COSMIC=COSG102518|REGION=5UTR(+)|VARIANT=11:47215017_G>C|ALT_INDEX=1|TX_POS=44|TX_CHANGE=G>C|G_CHANGE_CLASS=from_G	DDB2	177	ENST00000256996.9	+	COSG102518	5UTR(+)	163	1	35	2	y	ok
112	GENE=DDR2|GENE_NO=179|TRANSCRIPT=ENST00000367921.8|STRAND=+|COSMIC=COSG97097|REGION=5UTR(+)|VARIANT=1:162632565_G>A|ALT_INDEX=1|TX_POS=102|TX_CHANGE=G>A|G_CHANGE_CLASS=from_G	DDR2	179	ENST00000367921.8	+	COSG97097	5UTR(+)	359	2	30	2	y	ok
113	GENE=DDR2|GENE_NO=179|TRANSCRIPT=ENST00000367921.8|STRAND=+|COSMIC=COSG97097|REGION=5UTR(+)|VARIANT=1:162632576_G>A|ALT_INDEX=1|TX_POS=113|TX_CHANGE=G>A|G_CHANGE_CLASS=from_G	DDR2	179	ENST00000367921.8	+	COSG97097	5UTR(+)	359	2	30	2	y	ok
114	GENE=DDR2|GENE_NO=179|TRANSCRIPT=ENST00000367921.8|STRAND=+|COSMIC=COSG97097|REGION=5UTR(+)|VARIANT=1:162655223_G>T|ALT_INDEX=1|TX_POS=181|TX_CHANGE=G>T|G_CHANGE_CLASS=from_G	DDR2	179	ENST00000367921.8	+	COSG97097	5UTR(+)	359	2	30	2	y	ok
115	GENE=DICER1|GENE_NO=186|TRANSCRIPT=ENST00000343455.8|STRAND=-|COSMIC=COSG73310|REGION=5UTR(-)|VARIANT=14:95157306_C>T|ALT_INDEX=1|TX_POS=224|TX_CHANGE=G>A|G_CHANGE_CLASS=from_G	DICER1	186	ENST00000343455.8	-	COSG73310	5UTR(-)	345	1	36	2	y	ok
116	GENE=DICER1|GENE_NO=186|TRANSCRIPT=ENST00000343455.8|STRAND=-|COSMIC=COSG73310|REGION=5UTR(-)|VARIANT=14:95157328_C>G|ALT_INDEX=1|TX_POS=202|TX_CHANGE=G>C|G_CHANGE_CLASS=from_G	DICER1	186	ENST00000343455.8	-	COSG73310	5UTR(-)	345	1	60	3	y	ok
117	GENE=DNM2|GENE_NO=188|TRANSCRIPT=ENST00000389253.9|STRAND=+|COSMIC=COSG110939|REGION=5UTR(+)|VARIANT=19:10718224_G>T|ALT_INDEX=1|TX_POS=146|TX_CHANGE=G>T|G_CHANGE_CLASS=from_G	DNM2	188	ENST00000389253.9	+	COSG110939	5UTR(+)	164	1	62	3	y	ok
118	GENE=DROSHA|GENE_NO=190|TRANSCRIPT=ENST00000344624.8|STRAND=-|COSMIC=COSG93909|REGION=5UTR(-)|VARIANT=5:31530912_C>T|ALT_INDEX=1|TX_POS=193|TX_CHANGE=G>A|G_CHANGE_CLASS=from_G	DROSHA	190	ENST00000344624.8	-	COSG93909	5UTR(-)	353	1	34	2	y	ok
119	GENE=EGFR|GENE_NO=194|TRANSCRIPT=ENST00000275493.7|STRAND=+|COSMIC=COSG73399|REGION=5UTR(+)|VARIANT=7:55019245_G>T|ALT_INDEX=1|TX_POS=229|TX_CHANGE=G>T|G_CHANGE_CLASS=from_G	EGFR	194	ENST00000275493.7	+	COSG73399	5UTR(+)	261	1	34	2	y	ok
120	GENE=ELK4|GENE_NO=200|TRANSCRIPT=ENST00000357992.9|STRAND=-|COSMIC=COSG106299|REGION=5UTR(-)|VARIANT=1:205631849_C>A|ALT_INDEX=1|TX_POS=163|TX_CHANGE=G>T|G_CHANGE_CLASS=from_G	ELK4	200	ENST00000357992.9	-	COSG106299	5UTR(-)	389	3	64	3	y	ok
121	GENE=EPAS1|GENE_NO=205|TRANSCRIPT=ENST00000263734.5|STRAND=+|COSMIC=COSG87984|REGION=5UTR(+)|VARIANT=2:46297511_G>A|ALT_INDEX=1|TX_POS=105|TX_CHANGE=G>A|G_CHANGE_CLASS=from_G	EPAS1	205	ENST00000263734.5	+	COSG87984	5UTR(+)	505	2	36	2	y	ok
122	GENE=EPAS1|GENE_NO=205|TRANSCRIPT=ENST00000263734.5|STRAND=+|COSMIC=COSG87984|REGION=5UTR(+)|VARIANT=2:46297820_G>A|ALT_INDEX=1|TX_POS=414|TX_CHANGE=G>A|G_CHANGE_CLASS=from_G	EPAS1	205	ENST00000263734.5	+	COSG87984	5UTR(+)	505	3	35	2	y	ok
123	GENE=ERCC3|GENE_NO=214|TRANSCRIPT=ENST00000285398.7|STRAND=-|COSMIC=COSG106100|REGION=5UTR(-)|VARIANT=2:127294112_C>T|ALT_INDEX=1|TX_POS=33|TX_CHANGE=G>A|G_CHANGE_CLASS=from_G	ERCC3	214	ENST00000285398.7	-	COSG106100	5UTR(-)	63	1	34	2	y	ok
124	GENE=ERCC5|GENE_NO=216|TRANSCRIPT=ENST00000652225.2|STRAND=+|COSMIC=COSG85514|REGION=5UTR(+)|VARIANT=13:102846193_G>A|ALT_INDEX=1|TX_POS=162|TX_CHANGE=G>A|G_CHANGE_CLASS=from_G	ERCC5	216	ENST00000652225.2	+	COSG85514	5UTR(+)	235	1	35	2	y	ok
125	GENE=ETNK1|GENE_NO=219|TRANSCRIPT=ENST00000266517.9|STRAND=+|COSMIC=COSG90071|REGION=5UTR(+)|VARIANT=12:22625188_A>G|ALT_INDEX=1|TX_POS=18|TX_CHANGE=A>G|G_CHANGE_CLASS=to_G	ETNK1	219	ENST00000266517.9	+	COSG90071	5UTR(+)	260	2	33	2	y	ok
126	GENE=ETNK1|GENE_NO=219|TRANSCRIPT=ENST00000266517.9|STRAND=+|COSMIC=COSG90071|REGION=5UTR(+)|VARIANT=12:22625202_G>T|ALT_INDEX=1|TX_POS=32|TX_CHANGE=G>T|G_CHANGE_CLASS=from_G	ETNK1	219	ENST00000266517.9	+	COSG90071	5UTR(+)	260	2	33	2	y	ok
127	GENE=ETNK1|GENE_NO=219|TRANSCRIPT=ENST00000266517.9|STRAND=+|COSMIC=COSG90071|REGION=5UTR(+)|VARIANT=12:22625203_A>G|ALT_INDEX=1|TX_POS=33|TX_CHANGE=A>G|G_CHANGE_CLASS=to_G	ETNK1	219	ENST00000266517.9	+	COSG90071	5UTR(+)	260	2	33	2	y	ok
128	GENE=ETNK1|GENE_NO=219|TRANSCRIPT=ENST00000266517.9|STRAND=+|COSMIC=COSG90071|REGION=5UTR(+)|VARIANT=12:22625333_G>T|ALT_INDEX=1|TX_POS=163|TX_CHANGE=G>T|G_CHANGE_CLASS=from_G	ETNK1	219	ENST00000266517.9	+	COSG90071	5UTR(+)	260	2	33	2	y	ok
129	GENE=EXT1|GENE_NO=225|TRANSCRIPT=ENST00000378204.7|STRAND=-|COSMIC=COSG91391|REGION=5UTR(-)|VARIANT=8:118111175_T>C|ALT_INDEX=1|TX_POS=652|TX_CHANGE=A>G|G_CHANGE_CLASS=to_G	EXT1	225	ENST00000378204.7	-	COSG91391	5UTR(-)	780	4	35	2	y	ok
130	GENE=EXT1|GENE_NO=225|TRANSCRIPT=ENST00000378204.7|STRAND=-|COSMIC=COSG91391|REGION=5UTR(-)|VARIANT=8:118111185_T>C|ALT_INDEX=1|TX_POS=642|TX_CHANGE=A>G|G_CHANGE_CLASS=to_G	EXT1	225	ENST00000378204.7	-	COSG91391	5UTR(-)	780	4	35	2	y	ok
131	GENE=EXT1|GENE_NO=225|TRANSCRIPT=ENST00000378204.7|STRAND=-|COSMIC=COSG91391|REGION=5UTR(-)|VARIANT=8:118111546_A>C|ALT_INDEX=1|TX_POS=281|TX_CHANGE=T>G|G_CHANGE_CLASS=to_G	EXT1	225	ENST00000378204.7	-	COSG91391	5UTR(-)	780	3	35	2	y	ok
132	GENE=EXT1|GENE_NO=225|TRANSCRIPT=ENST00000378204.7|STRAND=-|COSMIC=COSG91391|REGION=5UTR(-)|VARIANT=8:118111658_C>T|ALT_INDEX=1|TX_POS=169|TX_CHANGE=G>A|G_CHANGE_CLASS=from_G	EXT1	225	ENST00000378204.7	-	COSG91391	5UTR(-)	780	4	35	2	y	ok
133	GENE=EXT2|GENE_NO=226|TRANSCRIPT=ENST00000533608.7|STRAND=+|COSMIC=COSG109806|REGION=5UTR(+)|VARIANT=11:44095686_C>G|ALT_INDEX=1|TX_POS=9|TX_CHANGE=C>G|G_CHANGE_CLASS=to_G	EXT2	226	ENST00000533608.7	+	COSG109806	5UTR(+)	205	2	36	2	y	ok
134	GENE=FADD|GENE_NO=229|TRANSCRIPT=ENST00000301838.5|STRAND=+|COSMIC=COSG88220|REGION=5UTR(+)|VARIANT=11:70203417_A>G|ALT_INDEX=1|TX_POS=122|TX_CHANGE=A>G|G_CHANGE_CLASS=to_G	FADD	229	ENST00000301838.5	+	COSG88220	5UTR(+)	164	1	52	3	y	ok
135	GENE=FANCA|GENE_NO=233|TRANSCRIPT=ENST00000389301.8|STRAND=-|COSMIC=COSG82650|REGION=5UTR(-)|VARIANT=16:89816619_C>G|ALT_INDEX=1|TX_POS=29|TX_CHANGE=G>C|G_CHANGE_CLASS=from_G	FANCA	233	ENST00000389301.8	-	COSG82650	5UTR(-)	32	0	0	0	n	ok
136	GENE=FANCA|GENE_NO=233|TRANSCRIPT=ENST00000389301.8|STRAND=-|COSMIC=COSG82650|REGION=5UTR(-)|VARIANT=16:89816619_C>T|ALT_INDEX=1|TX_POS=29|TX_CHANGE=G>A|G_CHANGE_CLASS=from_G	FANCA	233	ENST00000389301.8	-	COSG82650	5UTR(-)	32	0	0	0	n	ok
137	GENE=FANCA|GENE_NO=233|TRANSCRIPT=ENST00000389301.8|STRAND=-|COSMIC=COSG82650|REGION=5UTR(-)|VARIANT=16:89816620_T>C|ALT_INDEX=1|TX_POS=28|TX_CHANGE=A>G|G_CHANGE_CLASS=to_G	FANCA	233	ENST00000389301.8	-	COSG82650	5UTR(-)	32	1	32	2	y	ok
138	GENE=FANCA|GENE_NO=233|TRANSCRIPT=ENST00000389301.8|STRAND=-|COSMIC=COSG82650|REGION=5UTR(-)|VARIANT=16:89816633_C>T|ALT_INDEX=1|TX_POS=15|TX_CHANGE=G>A|G_CHANGE_CLASS=from_G	FANCA	233	ENST00000389301.8	-	COSG82650	5UTR(-)	32	0	0	0	n	ok
139	GENE=FANCC|GENE_NO=234|TRANSCRIPT=ENST00000289081.8|STRAND=-|COSMIC=COSG73016|REGION=5UTR(-)|VARIANT=9:95317619_C>A|ALT_INDEX=1|TX_POS=91|TX_CHANGE=G>T|G_CHANGE_CLASS=from_G	FANCC	234	ENST00000289081.8	-	COSG73016	5UTR(-)	262	0	0	0	n	ok
140	GENE=FANCE|GENE_NO=236|TRANSCRIPT=ENST00000229769.3|STRAND=+|COSMIC=COSG112045|REGION=5UTR(+)|VARIANT=6:35452364_G>A|ALT_INDEX=1|TX_POS=27|TX_CHANGE=G>A|G_CHANGE_CLASS=from_G	FANCE	236	ENST00000229769.3	+	COSG112045	5UTR(+)	208	2	34	2	y	ok
141	GENE=FANCE|GENE_NO=236|TRANSCRIPT=ENST00000229769.3|STRAND=+|COSMIC=COSG112045|REGION=5UTR(+)|VARIANT=6:35452527_G>C|ALT_INDEX=1|TX_POS=190|TX_CHANGE=G>C|G_CHANGE_CLASS=from_G	FANCE	236	ENST00000229769.3	+	COSG112045	5UTR(+)	208	2	36	2	y	ok
142	GENE=FANCG|GENE_NO=238|TRANSCRIPT=ENST00000378643.8|STRAND=-|COSMIC=COSG78051|REGION=5UTR(-)|VARIANT=9:35079916_T>C|ALT_INDEX=1|TX_POS=27|TX_CHANGE=A>G|G_CHANGE_CLASS=to_G	FANCG	238	ENST00000378643.8	-	COSG78051	5UTR(-)	418	2	58	3	y	ok
143	GENE=FGFR2|GENE_NO=255|TRANSCRIPT=ENST00000358487.10|STRAND=-|COSMIC=COSG61759|REGION=5UTR(-)|VARIANT=10:121593834_C>G|ALT_INDEX=1|TX_POS=617|TX_CHANGE=G>C|G_CHANGE_CLASS=from_G	FGFR2	255	ENST00000358487.10	-	COSG61759	5UTR(-)	633	5	60	3	y	ok
144	GENE=FGFR2|GENE_NO=255|TRANSCRIPT=ENST00000358487.10|STRAND=-|COSMIC=COSG61759|REGION=5UTR(-)|VARIANT=10:121593945_C>T|ALT_INDEX=1|TX_POS=506|TX_CHANGE=G>A|G_CHANGE_CLASS=from_G	FGFR2	255	ENST00000358487.10	-	COSG61759	5UTR(-)	633	5	60	3	y	ok
145	GENE=FGFR2|GENE_NO=255|TRANSCRIPT=ENST00000358487.10|STRAND=-|COSMIC=COSG61759|REGION=5UTR(-)|VARIANT=10:121597984_C>T|ALT_INDEX=1|TX_POS=461|TX_CHANGE=G>A|G_CHANGE_CLASS=from_G	FGFR2	255	ENST00000358487.10	-	COSG61759	5UTR(-)	633	5	60	3	y	ok
146	GENE=FGFR2|GENE_NO=255|TRANSCRIPT=ENST00000358487.10|STRAND=-|COSMIC=COSG61759|REGION=5UTR(-)|VARIANT=10:121598007_C>T|ALT_INDEX=1|TX_POS=438|TX_CHANGE=G>A|G_CHANGE_CLASS=from_G	FGFR2	255	ENST00000358487.10	-	COSG61759	5UTR(-)	633	5	60	3	y	ok
147	GENE=FGFR2|GENE_NO=255|TRANSCRIPT=ENST00000358487.10|STRAND=-|COSMIC=COSG61759|REGION=5UTR(-)|VARIANT=10:121598401_C>G|ALT_INDEX=1|TX_POS=44|TX_CHANGE=G>C|G_CHANGE_CLASS=from_G	FGFR2	255	ENST00000358487.10	-	COSG61759	5UTR(-)	633	5	60	3	y	ok
148	GENE=FLCN|GENE_NO=262|TRANSCRIPT=ENST00000285071.9|STRAND=-|COSMIC=COSG83404|REGION=5UTR(-)|VARIANT=17:17231847_C>G|ALT_INDEX=1|TX_POS=407|TX_CHANGE=G>C|G_CHANGE_CLASS=from_G	FLCN	262	ENST00000285071.9	-	COSG83404	5UTR(-)	484	4	59	3	y	ok
149	GENE=FLCN|GENE_NO=262|TRANSCRIPT=ENST00000285071.9|STRAND=-|COSMIC=COSG83404|REGION=5UTR(-)|VARIANT=17:17232815_C>A|ALT_INDEX=1|TX_POS=344|TX_CHANGE=G>T|G_CHANGE_CLASS=from_G	FLCN	262	ENST00000285071.9	-	COSG83404	5UTR(-)	484	5	59	3	y	ok
150	GENE=FLCN|GENE_NO=262|TRANSCRIPT=ENST00000285071.9|STRAND=-|COSMIC=COSG83404|REGION=5UTR(-)|VARIANT=17:17236986_C>T|ALT_INDEX=1|TX_POS=183|TX_CHANGE=G>A|G_CHANGE_CLASS=from_G	FLCN	262	ENST00000285071.9	-	COSG83404	5UTR(-)	484	5	56	3	y	ok
151	GENE=FLCN|GENE_NO=262|TRANSCRIPT=ENST00000285071.9|STRAND=-|COSMIC=COSG83404|REGION=5UTR(-)|VARIANT=17:17237164_C>G|ALT_INDEX=1|TX_POS=5|TX_CHANGE=G>C|G_CHANGE_CLASS=from_G	FLCN	262	ENST00000285071.9	-	COSG83404	5UTR(-)	484	5	59	3	y	ok
152	GENE=FOXP1|GENE_NO=273|TRANSCRIPT=ENST00000649528.3|STRAND=-|COSMIC=COSG71217|REGION=5UTR(-)|VARIANT=3:71359168_C>T|ALT_INDEX=1|TX_POS=514|TX_CHANGE=G>A|G_CHANGE_CLASS=from_G	FOXP1	273	ENST00000649528.3	-	COSG71217	5UTR(-)	604	4	62	3	y	ok
153	GENE=FUS|GENE_NO=277|TRANSCRIPT=ENST00000254108.12|STRAND=+|COSMIC=COSG115221|REGION=5UTR(+)|VARIANT=16:31180161_A>G|ALT_INDEX=1|TX_POS=23|TX_CHANGE=A>G|G_CHANGE_CLASS=to_G	FUS	277	ENST00000254108.12	+	COSG115221	5UTR(+)	76	1	33	2	y	ok
154	GENE=FUS|GENE_NO=277|TRANSCRIPT=ENST00000254108.12|STRAND=+|COSMIC=COSG115221|REGION=5UTR(+)|VARIANT=16:31180166_G>A|ALT_INDEX=1|TX_POS=28|TX_CHANGE=G>A|G_CHANGE_CLASS=from_G	FUS	277	ENST00000254108.12	+	COSG115221	5UTR(+)	76	1	33	2	y	ok
155	GENE=FUS|GENE_NO=277|TRANSCRIPT=ENST00000254108.12|STRAND=+|COSMIC=COSG115221|REGION=5UTR(+)|VARIANT=16:31180166_G>T|ALT_INDEX=1|TX_POS=28|TX_CHANGE=G>T|G_CHANGE_CLASS=from_G	FUS	277	ENST00000254108.12	+	COSG115221	5UTR(+)	76	1	33	2	y	ok
156	GENE=FUS|GENE_NO=277|TRANSCRIPT=ENST00000254108.12|STRAND=+|COSMIC=COSG115221|REGION=5UTR(+)|VARIANT=16:31180167_C>G|ALT_INDEX=1|TX_POS=29|TX_CHANGE=C>G|G_CHANGE_CLASS=to_G	FUS	277	ENST00000254108.12	+	COSG115221	5UTR(+)	76	1	34	2	y	ok
157	GENE=FUS|GENE_NO=277|TRANSCRIPT=ENST00000254108.12|STRAND=+|COSMIC=COSG115221|REGION=5UTR(+)|VARIANT=16:31180168_G>A|ALT_INDEX=1|TX_POS=30|TX_CHANGE=G>A|G_CHANGE_CLASS=from_G	FUS	277	ENST00000254108.12	+	COSG115221	5UTR(+)	76	0	0	0	n	ok
158	GENE=FUS|GENE_NO=277|TRANSCRIPT=ENST00000254108.12|STRAND=+|COSMIC=COSG115221|REGION=5UTR(+)|VARIANT=16:31180171_G>A|ALT_INDEX=1|TX_POS=33|TX_CHANGE=G>A|G_CHANGE_CLASS=from_G	FUS	277	ENST00000254108.12	+	COSG115221	5UTR(+)	76	1	33	2	y	ok
159	GENE=GATA2|GENE_NO=280|TRANSCRIPT=ENST00000341105.7|STRAND=-|COSMIC=COSG113001|REGION=5UTR(-)|VARIANT=3:128487076_C>A|ALT_INDEX=1|TX_POS=304|TX_CHANGE=G>T|G_CHANGE_CLASS=from_G	GATA2	280	ENST00000341105.7	-	COSG113001	5UTR(-)	348	2	33	2	y	ok
160	GENE=GATA2|GENE_NO=280|TRANSCRIPT=ENST00000341105.7|STRAND=-|COSMIC=COSG113001|REGION=5UTR(-)|VARIANT=3:128493032_C>G|ALT_INDEX=1|TX_POS=170|TX_CHANGE=G>C|G_CHANGE_CLASS=from_G	GATA2	280	ENST00000341105.7	-	COSG113001	5UTR(-)	348	3	33	2	y	ok
161	GENE=GATA2|GENE_NO=280|TRANSCRIPT=ENST00000341105.7|STRAND=-|COSMIC=COSG113001|REGION=5UTR(-)|VARIANT=3:128493167_C>T|ALT_INDEX=1|TX_POS=35|TX_CHANGE=G>A|G_CHANGE_CLASS=from_G	GATA2	280	ENST00000341105.7	-	COSG113001	5UTR(-)	348	3	33	2	y	ok
162	GENE=GATA3|GENE_NO=281|TRANSCRIPT=ENST00000379328.9|STRAND=+|COSMIC=COSG76073|REGION=5UTR(+)|VARIANT=10:8055616_G>A|ALT_INDEX=1|TX_POS=534|TX_CHANGE=G>A|G_CHANGE_CLASS=from_G	GATA3	281	ENST00000379328.9	+	COSG76073	5UTR(+)	573	2	35	2	y	ok
163	GENE=H3F3A|GENE_NO=297|TRANSCRIPT=ENST00000366815.10|STRAND=+|COSMIC=COSG83297|REGION=5UTR(+)|VARIANT=1:226064332_A>G|ALT_INDEX=1|TX_POS=100|TX_CHANGE=A>G|G_CHANGE_CLASS=to_G	H3F3A	297	ENST00000366815.10	+	COSG83297	5UTR(+)	119	1	35	2	y	ok
164	GENE=HNF1A|GENE_NO=311|TRANSCRIPT=ENST00000257555.11|STRAND=+|COSMIC=COSG70564|REGION=5UTR(+)|VARIANT=12:120978645_G>A|ALT_INDEX=1|TX_POS=103|TX_CHANGE=G>A|G_CHANGE_CLASS=from_G	HNF1A	311	ENST00000257555.11	+	COSG70564	5UTR(+)	226	1	64	3	y	ok
165	GENE=HNF1A|GENE_NO=311|TRANSCRIPT=ENST00000257555.11|STRAND=+|COSMIC=COSG70564|REGION=5UTR(+)|VARIANT=12:120978645_G>C|ALT_INDEX=1|TX_POS=103|TX_CHANGE=G>C|G_CHANGE_CLASS=from_G	HNF1A	311	ENST00000257555.11	+	COSG70564	5UTR(+)	226	1	64	3	y	ok
166	GENE=HNF1A|GENE_NO=311|TRANSCRIPT=ENST00000257555.11|STRAND=+|COSMIC=COSG70564|REGION=5UTR(+)|VARIANT=12:120978646_G>A|ALT_INDEX=1|TX_POS=104|TX_CHANGE=G>A|G_CHANGE_CLASS=from_G	HNF1A	311	ENST00000257555.11	+	COSG70564	5UTR(+)	226	1	64	3	y	ok
167	GENE=IKBKB|GENE_NO=331|TRANSCRIPT=ENST00000520810.6|STRAND=+|COSMIC=COSG112543|REGION=5UTR(+)|VARIANT=8:42271381_G>C|ALT_INDEX=1|TX_POS=80|TX_CHANGE=G>C|G_CHANGE_CLASS=from_G	IKBKB	331	ENST00000520810.6	+	COSG112543	5UTR(+)	186	1	28	2	y	ok
168	GENE=IKBKB|GENE_NO=331|TRANSCRIPT=ENST00000520810.6|STRAND=+|COSMIC=COSG112543|REGION=5UTR(+)|VARIANT=8:42271382_G>A|ALT_INDEX=1|TX_POS=81|TX_CHANGE=G>A|G_CHANGE_CLASS=from_G	IKBKB	331	ENST00000520810.6	+	COSG112543	5UTR(+)	186	1	29	2	y	ok
169	GENE=IKZF1|GENE_NO=332|TRANSCRIPT=ENST00000331340.8|STRAND=+|COSMIC=COSG89430|REGION=5UTR(+)|VARIANT=7:50304819_G>A|ALT_INDEX=1|TX_POS=104|TX_CHANGE=G>A|G_CHANGE_CLASS=from_G	IKZF1	332	ENST00000331340.8	+	COSG89430	5UTR(+)	221	1	51	3	y	ok
170	GENE=KDM6A|GENE_NO=355|TRANSCRIPT=ENST00000611820.5|STRAND=+|COSMIC=COSG88842|REGION=5UTR(+)|VARIANT=X:44873485_G>T|ALT_INDEX=1|TX_POS=298|TX_CHANGE=G>T|G_CHANGE_CLASS=from_G	KDM6A	355	ENST00000611820.5	+	COSG88842	5UTR(+)	364	1	57	3	y	ok
171	GENE=KDM6A|GENE_NO=355|TRANSCRIPT=ENST00000611820.5|STRAND=+|COSMIC=COSG88842|REGION=5UTR(+)|VARIANT=X:44873502_C>G|ALT_INDEX=1|TX_POS=315|TX_CHANGE=C>G|G_CHANGE_CLASS=to_G	KDM6A	355	ENST00000611820.5	+	COSG88842	5UTR(+)	364	1	61	3	y	ok
172	GENE=KDM6A|GENE_NO=355|TRANSCRIPT=ENST00000611820.5|STRAND=+|COSMIC=COSG88842|REGION=5UTR(+)|VARIANT=X:44873513_G>T|ALT_INDEX=1|TX_POS=326|TX_CHANGE=G>T|G_CHANGE_CLASS=from_G	KDM6A	355	ENST00000611820.5	+	COSG88842	5UTR(+)	364	1	57	3	y	ok
173	GENE=KDR|GENE_NO=356|TRANSCRIPT=ENST00000263923.5|STRAND=-|COSMIC=COSG106784|REGION=5UTR(-)|VARIANT=4:55125564_T>C|ALT_INDEX=1|TX_POS=32|TX_CHANGE=A>G|G_CHANGE_CLASS=to_G	KDR	356	ENST00000263923.5	-	COSG106784	5UTR(-)	302	3	35	2	y	ok
174	GENE=KIT|GENE_NO=361|TRANSCRIPT=ENST00000288135.6|STRAND=+|COSMIC=COSG63709|REGION=5UTR(+)|VARIANT=4:54657994_G>T|ALT_INDEX=1|TX_POS=38|TX_CHANGE=G>T|G_CHANGE_CLASS=from_G	KIT	361	ENST00000288135.6	+	COSG63709	5UTR(+)	58	0	0	0	n	ok
175	GENE=KRAS|GENE_NO=370|TRANSCRIPT=ENST00000311936.8|STRAND=-|COSMIC=COSG86962|REGION=5UTR(-)|VARIANT=12:25250919_C>T|ALT_INDEX=1|TX_POS=11|TX_CHANGE=G>A|G_CHANGE_CLASS=from_G	KRAS	370	ENST00000311936.8	-	COSG86962	5UTR(-)	190	1	36	2	y	ok
176	GENE=LRIG3|GENE_NO=386|TRANSCRIPT=ENST00000320743.8|STRAND=-|COSMIC=COSG77544|REGION=5UTR(-)|VARIANT=12:58920327_C>A|ALT_INDEX=1|TX_POS=178|TX_CHANGE=G>T|G_CHANGE_CLASS=from_G	LRIG3	386	ENST00000320743.8	-	COSG77544	5UTR(-)	269	1	35	2	y	ok
177	GENE=MALT1|GENE_NO=396|TRANSCRIPT=ENST00000649217.2|STRAND=+|COSMIC=COSG103261|REGION=5UTR(+)|VARIANT=18:58671609_G>A|ALT_INDEX=1|TX_POS=145|TX_CHANGE=G>A|G_CHANGE_CLASS=from_G	MALT1	396	ENST00000649217.2	+	COSG103261	5UTR(+)	179	2	53	3	y	ok
178	GENE=MAP2K2|GENE_NO=399|TRANSCRIPT=ENST00000262948.10|STRAND=-|COSMIC=COSG59865|REGION=5UTR(-)|VARIANT=19:4124081_C>A|ALT_INDEX=1|TX_POS=42|TX_CHANGE=G>T|G_CHANGE_CLASS=from_G	MAP2K2	399	ENST00000262948.10	-	COSG59865	5UTR(-)	247	2	35	2	y	ok
179	GENE=MAX|GENE_NO=404|TRANSCRIPT=ENST00000358664.9|STRAND=-|COSMIC=COSG102148|REGION=5UTR(-)|VARIANT=14:65102433_C>G|ALT_INDEX=1|TX_POS=85|TX_CHANGE=G>C|G_CHANGE_CLASS=from_G	MAX	404	ENST00000358664.9	-	COSG102148	5UTR(-)	178	1	28	2	y	ok
180	GENE=MAX|GENE_NO=404|TRANSCRIPT=ENST00000358664.9|STRAND=-|COSMIC=COSG102148|REGION=5UTR(-)|VARIANT=14:65102437_C>A|ALT_INDEX=1|TX_POS=81|TX_CHANGE=G>T|G_CHANGE_CLASS=from_G	MAX	404	ENST00000358664.9	-	COSG102148	5UTR(-)	178	1	28	2	y	ok
181	GENE=MAX|GENE_NO=404|TRANSCRIPT=ENST00000358664.9|STRAND=-|COSMIC=COSG102148|REGION=5UTR(-)|VARIANT=14:65102438_C>T|ALT_INDEX=1|TX_POS=80|TX_CHANGE=G>A|G_CHANGE_CLASS=from_G	MAX	404	ENST00000358664.9	-	COSG102148	5UTR(-)	178	1	29	2	y	ok
182	GENE=MDM2|GENE_NO=406|TRANSCRIPT=ENST00000258149.11|STRAND=+|COSMIC=COSG71043|REGION=5UTR(+)|VARIANT=12:68808384_A>G|ALT_INDEX=1|TX_POS=208|TX_CHANGE=A>G|G_CHANGE_CLASS=to_G	MDM2	406	ENST00000258149.11	+	COSG71043	5UTR(+)	301	2	34	2	y	ok
183	GENE=MED12|GENE_NO=410|TRANSCRIPT=ENST00000374080.8|STRAND=+|COSMIC=COSG113013|REGION=5UTR(+)|VARIANT=X:71118727_G>T|ALT_INDEX=1|TX_POS=132|TX_CHANGE=G>T|G_CHANGE_CLASS=from_G	MED12	410	ENST00000374080.8	+	COSG113013	5UTR(+)	159	1	28	2	y	ok
184	GENE=MLF1|GENE_NO=415|TRANSCRIPT=ENST00000466246.7|STRAND=+|COSMIC=COSG93816|REGION=5UTR(+)|VARIANT=3:158571220_C>G|ALT_INDEX=1|TX_POS=27|TX_CHANGE=C>G|G_CHANGE_CLASS=to_G	MLF1	415	ENST00000466246.7	+	COSG93816	5UTR(+)	107	1	28	2	y	ok
185	GENE=MSH2|GENE_NO=426|TRANSCRIPT=ENST00000233146.7|STRAND=+|COSMIC=COSG105361|REGION=5UTR(+)|VARIANT=2:47403172_G>C|ALT_INDEX=1|TX_POS=17|TX_CHANGE=G>C|G_CHANGE_CLASS=from_G	MSH2	426	ENST00000233146.7	+	COSG105361	5UTR(+)	36	0	0	0	n	ok
186	GENE=MSH2|GENE_NO=426|TRANSCRIPT=ENST00000233146.7|STRAND=+|COSMIC=COSG105361|REGION=5UTR(+)|VARIANT=2:47403173_G>A|ALT_INDEX=1|TX_POS=18|TX_CHANGE=G>A|G_CHANGE_CLASS=from_G	MSH2	426	ENST00000233146.7	+	COSG105361	5UTR(+)	36	0	0	0	n	ok
187	GENE=MSH2|GENE_NO=426|TRANSCRIPT=ENST00000233146.7|STRAND=+|COSMIC=COSG105361|REGION=5UTR(+)|VARIANT=2:47403173_G>C|ALT_INDEX=1|TX_POS=18|TX_CHANGE=G>C|G_CHANGE_CLASS=from_G	MSH2	426	ENST00000233146.7	+	COSG105361	5UTR(+)	36	0	0	0	n	ok
188	GENE=MSH2|GENE_NO=426|TRANSCRIPT=ENST00000233146.7|STRAND=+|COSMIC=COSG105361|REGION=5UTR(+)|VARIANT=2:47403173_G>T|ALT_INDEX=1|TX_POS=18|TX_CHANGE=G>T|G_CHANGE_CLASS=from_G	MSH2	426	ENST00000233146.7	+	COSG105361	5UTR(+)	36	0	0	0	n	ok
189	GENE=MSH2|GENE_NO=426|TRANSCRIPT=ENST00000233146.7|STRAND=+|COSMIC=COSG105361|REGION=5UTR(+)|VARIANT=2:47403174_A>G|ALT_INDEX=1|TX_POS=19|TX_CHANGE=A>G|G_CHANGE_CLASS=to_G	MSH2	426	ENST00000233146.7	+	COSG105361	5UTR(+)	36	1	34	2	y	ok
190	GENE=MSH2|GENE_NO=426|TRANSCRIPT=ENST00000233146.7|STRAND=+|COSMIC=COSG105361|REGION=5UTR(+)|VARIANT=2:47403175_G>A|ALT_INDEX=1|TX_POS=20|TX_CHANGE=G>A|G_CHANGE_CLASS=from_G	MSH2	426	ENST00000233146.7	+	COSG105361	5UTR(+)	36	0	0	0	n	ok
191	GENE=MSH2|GENE_NO=426|TRANSCRIPT=ENST00000233146.7|STRAND=+|COSMIC=COSG105361|REGION=5UTR(+)|VARIANT=2:47403175_G>C|ALT_INDEX=1|TX_POS=20|TX_CHANGE=G>C|G_CHANGE_CLASS=from_G	MSH2	426	ENST00000233146.7	+	COSG105361	5UTR(+)	36	0	0	0	n	ok
192	GENE=MSH2|GENE_NO=426|TRANSCRIPT=ENST00000233146.7|STRAND=+|COSMIC=COSG105361|REGION=5UTR(+)|VARIANT=2:47403176_G>A|ALT_INDEX=1|TX_POS=21|TX_CHANGE=G>A|G_CHANGE_CLASS=from_G	MSH2	426	ENST00000233146.7	+	COSG105361	5UTR(+)	36	0	0	0	n	ok
193	GENE=MSH2|GENE_NO=426|TRANSCRIPT=ENST00000233146.7|STRAND=+|COSMIC=COSG105361|REGION=5UTR(+)|VARIANT=2:47403176_G>C|ALT_INDEX=1|TX_POS=21|TX_CHANGE=G>C|G_CHANGE_CLASS=from_G	MSH2	426	ENST00000233146.7	+	COSG105361	5UTR(+)	36	0	0	0	n	ok
194	GENE=MSH2|GENE_NO=426|TRANSCRIPT=ENST00000233146.7|STRAND=+|COSMIC=COSG105361|REGION=5UTR(+)|VARIANT=2:47403176_G>T|ALT_INDEX=1|TX_POS=21|TX_CHANGE=G>T|G_CHANGE_CLASS=from_G	MSH2	426	ENST00000233146.7	+	COSG105361	5UTR(+)	36	0	0	0	n	ok
195	GENE=MSH2|GENE_NO=426|TRANSCRIPT=ENST00000233146.7|STRAND=+|COSMIC=COSG105361|REGION=5UTR(+)|VARIANT=2:47403177_T>G|ALT_INDEX=1|TX_POS=22|TX_CHANGE=T>G|G_CHANGE_CLASS=to_G	MSH2	426	ENST00000233146.7	+	COSG105361	5UTR(+)	36	1	35	2	y	ok
196	GENE=MSH2|GENE_NO=426|TRANSCRIPT=ENST00000233146.7|STRAND=+|COSMIC=COSG105361|REGION=5UTR(+)|VARIANT=2:47403178_G>A|ALT_INDEX=1|TX_POS=23|TX_CHANGE=G>A|G_CHANGE_CLASS=from_G	MSH2	426	ENST00000233146.7	+	COSG105361	5UTR(+)	36	1	34	2	y	ok
197	GENE=MSH2|GENE_NO=426|TRANSCRIPT=ENST00000233146.7|STRAND=+|COSMIC=COSG105361|REGION=5UTR(+)|VARIANT=2:47403178_G>C|ALT_INDEX=1|TX_POS=23|TX_CHANGE=G>C|G_CHANGE_CLASS=from_G	MSH2	426	ENST00000233146.7	+	COSG105361	5UTR(+)	36	1	34	2	y	ok
198	GENE=MSH2|GENE_NO=426|TRANSCRIPT=ENST00000233146.7|STRAND=+|COSMIC=COSG105361|REGION=5UTR(+)|VARIANT=2:47403179_A>G|ALT_INDEX=1|TX_POS=24|TX_CHANGE=A>G|G_CHANGE_CLASS=to_G	MSH2	426	ENST00000233146.7	+	COSG105361	5UTR(+)	36	1	35	2	y	ok
199	GENE=MSH2|GENE_NO=426|TRANSCRIPT=ENST00000233146.7|STRAND=+|COSMIC=COSG105361|REGION=5UTR(+)|VARIANT=2:47403180_G>A|ALT_INDEX=1|TX_POS=25|TX_CHANGE=G>A|G_CHANGE_CLASS=from_G	MSH2	426	ENST00000233146.7	+	COSG105361	5UTR(+)	36	0	0	0	n	ok
200	GENE=MSH2|GENE_NO=426|TRANSCRIPT=ENST00000233146.7|STRAND=+|COSMIC=COSG105361|REGION=5UTR(+)|VARIANT=2:47403181_G>A|ALT_INDEX=1|TX_POS=26|TX_CHANGE=G>A|G_CHANGE_CLASS=from_G	MSH2	426	ENST00000233146.7	+	COSG105361	5UTR(+)	36	0	0	0	n	ok
201	GENE=MSH2|GENE_NO=426|TRANSCRIPT=ENST00000233146.7|STRAND=+|COSMIC=COSG105361|REGION=5UTR(+)|VARIANT=2:47403181_G>C|ALT_INDEX=1|TX_POS=26|TX_CHANGE=G>C|G_CHANGE_CLASS=from_G	MSH2	426	ENST00000233146.7	+	COSG105361	5UTR(+)	36	0	0	0	n	ok
202	GENE=MSH2|GENE_NO=426|TRANSCRIPT=ENST00000233146.7|STRAND=+|COSMIC=COSG105361|REGION=5UTR(+)|VARIANT=2:47403182_A>G|ALT_INDEX=1|TX_POS=27|TX_CHANGE=A>G|G_CHANGE_CLASS=to_G	MSH2	426	ENST00000233146.7	+	COSG105361	5UTR(+)	36	1	34	2	y	ok
203	GENE=MSH2|GENE_NO=426|TRANSCRIPT=ENST00000233146.7|STRAND=+|COSMIC=COSG105361|REGION=5UTR(+)|VARIANT=2:47403183_G>A|ALT_INDEX=1|TX_POS=28|TX_CHANGE=G>A|G_CHANGE_CLASS=from_G	MSH2	426	ENST00000233146.7	+	COSG105361	5UTR(+)	36	0	0	0	n	ok
204	GENE=MSH2|GENE_NO=426|TRANSCRIPT=ENST00000233146.7|STRAND=+|COSMIC=COSG105361|REGION=5UTR(+)|VARIANT=2:47403183_G>C|ALT_INDEX=1|TX_POS=28|TX_CHANGE=G>C|G_CHANGE_CLASS=from_G	MSH2	426	ENST00000233146.7	+	COSG105361	5UTR(+)	36	0	0	0	n	ok
205	GENE=MSH2|GENE_NO=426|TRANSCRIPT=ENST00000233146.7|STRAND=+|COSMIC=COSG105361|REGION=5UTR(+)|VARIANT=2:47403184_G>A|ALT_INDEX=1|TX_POS=29|TX_CHANGE=G>A|G_CHANGE_CLASS=from_G	MSH2	426	ENST00000233146.7	+	COSG105361	5UTR(+)	36	0	0	0	n	ok
206	GENE=MSH2|GENE_NO=426|TRANSCRIPT=ENST00000233146.7|STRAND=+|COSMIC=COSG105361|REGION=5UTR(+)|VARIANT=2:47403184_G>T|ALT_INDEX=1|TX_POS=29|TX_CHANGE=G>T|G_CHANGE_CLASS=from_G	MSH2	426	ENST00000233146.7	+	COSG105361	5UTR(+)	36	0	0	0	n	ok
207	GENE=MSH6|GENE_NO=427|TRANSCRIPT=ENST00000234420.11|STRAND=+|COSMIC=COSG85949|REGION=5UTR(+)|VARIANT=2:47783178_G>T|ALT_INDEX=1|TX_POS=34|TX_CHANGE=G>T|G_CHANGE_CLASS=from_G	MSH6	427	ENST00000234420.11	+	COSG85949	5UTR(+)	89	1	35	2	y	ok
208	GENE=MSH6|GENE_NO=427|TRANSCRIPT=ENST00000234420.11|STRAND=+|COSMIC=COSG85949|REGION=5UTR(+)|VARIANT=2:47783183_G>T|ALT_INDEX=1|TX_POS=39|TX_CHANGE=G>T|G_CHANGE_CLASS=from_G	MSH6	427	ENST00000234420.11	+	COSG85949	5UTR(+)	89	1	35	2	y	ok
209	GENE=MSH6|GENE_NO=427|TRANSCRIPT=ENST00000234420.11|STRAND=+|COSMIC=COSG85949|REGION=5UTR(+)|VARIANT=2:47783184_C>G|ALT_INDEX=1|TX_POS=40|TX_CHANGE=C>G|G_CHANGE_CLASS=to_G	MSH6	427	ENST00000234420.11	+	COSG85949	5UTR(+)	89	1	35	2	y	ok
210	GENE=MSH6|GENE_NO=427|TRANSCRIPT=ENST00000234420.11|STRAND=+|COSMIC=COSG85949|REGION=5UTR(+)|VARIANT=2:47783185_T>G|ALT_INDEX=1|TX_POS=41|TX_CHANGE=T>G|G_CHANGE_CLASS=to_G	MSH6	427	ENST00000234420.11	+	COSG85949	5UTR(+)	89	1	35	2	y	ok
211	GENE=MSH6|GENE_NO=427|TRANSCRIPT=ENST00000234420.11|STRAND=+|COSMIC=COSG85949|REGION=5UTR(+)|VARIANT=2:47783188_T>G|ALT_INDEX=1|TX_POS=44|TX_CHANGE=T>G|G_CHANGE_CLASS=to_G	MSH6	427	ENST00000234420.11	+	COSG85949	5UTR(+)	89	1	35	2	y	ok
212	GENE=MSH6|GENE_NO=427|TRANSCRIPT=ENST00000234420.11|STRAND=+|COSMIC=COSG85949|REGION=5UTR(+)|VARIANT=2:47783189_A>G|ALT_INDEX=1|TX_POS=45|TX_CHANGE=A>G|G_CHANGE_CLASS=to_G	MSH6	427	ENST00000234420.11	+	COSG85949	5UTR(+)	89	1	35	2	y	ok
213	GENE=MSH6|GENE_NO=427|TRANSCRIPT=ENST00000234420.11|STRAND=+|COSMIC=COSG85949|REGION=5UTR(+)|VARIANT=2:47783190_G>T|ALT_INDEX=1|TX_POS=46|TX_CHANGE=G>T|G_CHANGE_CLASS=from_G	MSH6	427	ENST00000234420.11	+	COSG85949	5UTR(+)	89	1	33	2	y	ok
214	GENE=MTOR|GENE_NO=431|TRANSCRIPT=ENST00000361445.9|STRAND=-|COSMIC=COSG77957|REGION=5UTR(-)|VARIANT=1:11262508_C>G|ALT_INDEX=1|TX_POS=44|TX_CHANGE=G>C|G_CHANGE_CLASS=from_G	MTOR	431	ENST00000361445.9	-	COSG77957	5UTR(-)	121	1	63	3	y	ok
215	GENE=MYH11|GENE_NO=442|TRANSCRIPT=ENST00000300036.6|STRAND=-|COSMIC=COSG71408|REGION=5UTR(-)|VARIANT=16:15857011_C>T|ALT_INDEX=1|TX_POS=18|TX_CHANGE=G>A|G_CHANGE_CLASS=from_G	MYH11	442	ENST00000300036.6	-	COSG71408	5UTR(-)	105	0	0	0	n	ok
216	GENE=NBN|GENE_NO=450|TRANSCRIPT=ENST00000265433.8|STRAND=-|COSMIC=COSG81202|REGION=5UTR(-)|VARIANT=8:89984573_C>T|ALT_INDEX=1|TX_POS=95|TX_CHANGE=G>A|G_CHANGE_CLASS=from_G	NBN	450	ENST00000265433.8	-	COSG81202	5UTR(-)	106	1	28	2	y	ok
217	GENE=NBN|GENE_NO=450|TRANSCRIPT=ENST00000265433.8|STRAND=-|COSMIC=COSG81202|REGION=5UTR(-)|VARIANT=8:89984587_C>T|ALT_INDEX=1|TX_POS=81|TX_CHANGE=G>A|G_CHANGE_CLASS=from_G	NBN	450	ENST00000265433.8	-	COSG81202	5UTR(-)	106	1	23	2	y	ok
218	GENE=NBN|GENE_NO=450|TRANSCRIPT=ENST00000265433.8|STRAND=-|COSMIC=COSG81202|REGION=5UTR(-)|VARIANT=8:89984597_C>T|ALT_INDEX=1|TX_POS=71|TX_CHANGE=G>A|G_CHANGE_CLASS=from_G	NBN	450	ENST00000265433.8	-	COSG81202	5UTR(-)	106	1	27	2	y	ok
219	GENE=NBN|GENE_NO=450|TRANSCRIPT=ENST00000265433.8|STRAND=-|COSMIC=COSG81202|REGION=5UTR(-)|VARIANT=8:89984598_C>G|ALT_INDEX=1|TX_POS=70|TX_CHANGE=G>C|G_CHANGE_CLASS=from_G	NBN	450	ENST00000265433.8	-	COSG81202	5UTR(-)	106	1	27	2	y	ok
220	GENE=NBN|GENE_NO=450|TRANSCRIPT=ENST00000265433.8|STRAND=-|COSMIC=COSG81202|REGION=5UTR(-)|VARIANT=8:89984598_C>T|ALT_INDEX=1|TX_POS=70|TX_CHANGE=G>A|G_CHANGE_CLASS=from_G	NBN	450	ENST00000265433.8	-	COSG81202	5UTR(-)	106	1	27	2	y	ok
221	GENE=NBN|GENE_NO=450|TRANSCRIPT=ENST00000265433.8|STRAND=-|COSMIC=COSG81202|REGION=5UTR(-)|VARIANT=8:89984599_G>C|ALT_INDEX=1|TX_POS=69|TX_CHANGE=C>G|G_CHANGE_CLASS=to_G	NBN	450	ENST00000265433.8	-	COSG81202	5UTR(-)	106	1	32	2	y	ok
222	GENE=NBN|GENE_NO=450|TRANSCRIPT=ENST00000265433.8|STRAND=-|COSMIC=COSG81202|REGION=5UTR(-)|VARIANT=8:89984600_C>T|ALT_INDEX=1|TX_POS=68|TX_CHANGE=G>A|G_CHANGE_CLASS=from_G	NBN	450	ENST00000265433.8	-	COSG81202	5UTR(-)	106	1	32	2	y	ok
223	GENE=NBN|GENE_NO=450|TRANSCRIPT=ENST00000265433.8|STRAND=-|COSMIC=COSG81202|REGION=5UTR(-)|VARIANT=8:89984606_C>T|ALT_INDEX=1|TX_POS=62|TX_CHANGE=G>A|G_CHANGE_CLASS=from_G	NBN	450	ENST00000265433.8	-	COSG81202	5UTR(-)	106	1	30	2	y	ok
224	GENE=NDRG1|GENE_NO=457|TRANSCRIPT=ENST00000323851.13|STRAND=-|COSMIC=COSG109165|REGION=5UTR(-)|VARIANT=8:133297179_C>T|ALT_INDEX=1|TX_POS=74|TX_CHANGE=G>A|G_CHANGE_CLASS=from_G	NDRG1	457	ENST00000323851.13	-	COSG109165	5UTR(-)	137	1	33	2	y	ok
225	GENE=NF1|GENE_NO=458|TRANSCRIPT=ENST00000358273.9|STRAND=+|COSMIC=COSG113820|REGION=5UTR(+)|VARIANT=17:31094988_G>A|ALT_INDEX=1|TX_POS=12|TX_CHANGE=G>A|G_CHANGE_CLASS=from_G	NF1	458	ENST00000358273.9	+	COSG113820	5UTR(+)	333	2	35	2	y	ok
226	GENE=NF1|GENE_NO=458|TRANSCRIPT=ENST00000358273.9|STRAND=+|COSMIC=COSG113820|REGION=5UTR(+)|VARIANT=17:31095302_G>A|ALT_INDEX=1|TX_POS=326|TX_CHANGE=G>A|G_CHANGE_CLASS=from_G	NF1	458	ENST00000358273.9	+	COSG113820	5UTR(+)	333	2	35	2	y	ok
227	GENE=NF1|GENE_NO=458|TRANSCRIPT=ENST00000358273.9|STRAND=+|COSMIC=COSG113820|REGION=5UTR(+)|VARIANT=17:31095306_G>A|ALT_INDEX=1|TX_POS=330|TX_CHANGE=G>A|G_CHANGE_CLASS=from_G	NF1	458	ENST00000358273.9	+	COSG113820	5UTR(+)	333	2	35	2	y	ok
228	GENE=NF2|GENE_NO=459|TRANSCRIPT=ENST00000338641.10|STRAND=+|COSMIC=COSG66613|REGION=5UTR(+)|VARIANT=22:29603731_G>T|ALT_INDEX=1|TX_POS=99|TX_CHANGE=G>T|G_CHANGE_CLASS=from_G	NF2	459	ENST00000338641.10	+	COSG66613	5UTR(+)	366	2	56	3	y	ok
229	GENE=NF2|GENE_NO=459|TRANSCRIPT=ENST00000338641.10|STRAND=+|COSMIC=COSG66613|REGION=5UTR(+)|VARIANT=22:29603934_G>A|ALT_INDEX=1|TX_POS=302|TX_CHANGE=G>A|G_CHANGE_CLASS=from_G	NF2	459	ENST00000338641.10	+	COSG66613	5UTR(+)	366	2	56	3	y	ok
230	GENE=NF2|GENE_NO=459|TRANSCRIPT=ENST00000338641.10|STRAND=+|COSMIC=COSG66613|REGION=5UTR(+)|VARIANT=22:29603934_G>T|ALT_INDEX=1|TX_POS=302|TX_CHANGE=G>T|G_CHANGE_CLASS=from_G	NF2	459	ENST00000338641.10	+	COSG66613	5UTR(+)	366	2	56	3	y	ok
231	GENE=NFKBIE|GENE_NO=464|TRANSCRIPT=ENST00000619360.6|STRAND=-|COSMIC=COSG91546|REGION=5UTR(-)|VARIANT=6:44265399_C>T|ALT_INDEX=1|TX_POS=153|TX_CHANGE=G>A|G_CHANGE_CLASS=from_G	NFKBIE	464	ENST00000619360.6	-	COSG91546	5UTR(-)	205	1	35	2	y	ok
232	GENE=NFKBIE|GENE_NO=464|TRANSCRIPT=ENST00000619360.6|STRAND=-|COSMIC=COSG91546|REGION=5UTR(-)|VARIANT=6:44265405_C>G|ALT_INDEX=1|TX_POS=147|TX_CHANGE=G>C|G_CHANGE_CLASS=from_G	NFKBIE	464	ENST00000619360.6	-	COSG91546	5UTR(-)	205	1	35	2	y	ok
233	GENE=NOTCH1|GENE_NO=468|TRANSCRIPT=ENST00000651671.1|STRAND=-|COSMIC=COSG79338|REGION=5UTR(-)|VARIANT=9:136545788_C>T|ALT_INDEX=1|TX_POS=261|TX_CHANGE=G>A|G_CHANGE_CLASS=from_G	NOTCH1	468	ENST00000651671.1	-	COSG79338	5UTR(-)	262	3	63	3	y	ok
234	GENE=NOTCH1|GENE_NO=468|TRANSCRIPT=ENST00000651671.1|STRAND=-|COSMIC=COSG79338|REGION=5UTR(-)|VARIANT=9:136545792_C>A|ALT_INDEX=1|TX_POS=257|TX_CHANGE=G>T|G_CHANGE_CLASS=from_G	NOTCH1	468	ENST00000651671.1	-	COSG79338	5UTR(-)	262	3	63	3	y	ok
235	GENE=NRAS|GENE_NO=473|TRANSCRIPT=ENST00000369535.5|STRAND=-|COSMIC=COSG95814|REGION=5UTR(-)|VARIANT=1:114716746_C>A|ALT_INDEX=1|TX_POS=26|TX_CHANGE=G>T|G_CHANGE_CLASS=from_G	NRAS	473	ENST00000369535.5	-	COSG95814	5UTR(-)	131	1	33	2	y	ok
236	GENE=NT5C2|GENE_NO=478|TRANSCRIPT=ENST00000404739.8|STRAND=-|COSMIC=COSG109595|REGION=5UTR(-)|VARIANT=10:103193250_C>G|ALT_INDEX=1|TX_POS=23|TX_CHANGE=G>C|G_CHANGE_CLASS=from_G	NT5C2	478	ENST00000404739.8	-	COSG109595	5UTR(-)	205	0	0	0	n	ok
237	GENE=NTRK1|GENE_NO=480|TRANSCRIPT=ENST00000524377.7|STRAND=+|COSMIC=COSG99947|REGION=5UTR(+)|VARIANT=1:156860896_A>G|ALT_INDEX=1|TX_POS=32|TX_CHANGE=A>G|G_CHANGE_CLASS=to_G	NTRK1	480	ENST00000524377.7	+	COSG99947	5UTR(+)	70	1	32	2	y	ok
238	GENE=NUMA1|GENE_NO=483|TRANSCRIPT=ENST00000393695.8|STRAND=-|COSMIC=COSG96943|REGION=5UTR(-)|VARIANT=11:72080504_C>G|ALT_INDEX=1|TX_POS=39|TX_CHANGE=G>C|G_CHANGE_CLASS=from_G	NUMA1	483	ENST00000393695.8	-	COSG96943	5UTR(-)	187	1	34	2	y	ok
239	GENE=PAX3|GENE_NO=496|TRANSCRIPT=ENST00000392070.7|STRAND=-|COSMIC=COSG99941|REGION=5UTR(-)|VARIANT=2:222298699_T>C|ALT_INDEX=1|TX_POS=300|TX_CHANGE=A>G|G_CHANGE_CLASS=to_G	PAX3	496	ENST00000392070.7	-	COSG99941	5UTR(-)	383	3	36	2	y	ok
240	GENE=PAX3|GENE_NO=496|TRANSCRIPT=ENST00000392070.7|STRAND=-|COSMIC=COSG99941|REGION=5UTR(-)|VARIANT=2:222298974_C>A|ALT_INDEX=1|TX_POS=25|TX_CHANGE=G>T|G_CHANGE_CLASS=from_G	PAX3	496	ENST00000392070.7	-	COSG99941	5UTR(-)	383	3	36	2	y	ok
241	GENE=PDGFB|GENE_NO=506|TRANSCRIPT=ENST00000331163.11|STRAND=-|COSMIC=COSG86049|REGION=5UTR(-)|VARIANT=22:39244698_C>T|ALT_INDEX=1|TX_POS=285|TX_CHANGE=G>A|G_CHANGE_CLASS=from_G	PDGFB	506	ENST00000331163.11	-	COSG86049	5UTR(-)	1019	6	60	3	y	ok
242	GENE=PHOX2B|GENE_NO=511|TRANSCRIPT=ENST00000226382.4|STRAND=-|COSMIC=COSG85171|REGION=5UTR(-)|VARIANT=4:41748715_C>T|ALT_INDEX=1|TX_POS=11|TX_CHANGE=G>A|G_CHANGE_CLASS=from_G	PHOX2B	511	ENST00000226382.4	-	COSG85171	5UTR(-)	115	0	0	0	n	ok
243	GENE=PIK3R3|GENE_NO=517|TRANSCRIPT=ENST00000262741.10|STRAND=-|COSMIC=COSG112760|REGION=5UTR(-)|VARIANT=1:46132100_C>T|ALT_INDEX=1|TX_POS=530|TX_CHANGE=G>A|G_CHANGE_CLASS=from_G	PIK3R3	517	ENST00000262741.10	-	COSG112760	5UTR(-)	677	3	36	2	y	ok
244	GENE=PIM1|GENE_NO=518|TRANSCRIPT=ENST00000373509.6|STRAND=+|COSMIC=COSG108733|REGION=5UTR(+)|VARIANT=6:37170529_G>A|ALT_INDEX=1|TX_POS=378|TX_CHANGE=G>A|G_CHANGE_CLASS=from_G	PIM1	518	ENST00000373509.6	+	COSG108733	5UTR(+)	424	2	36	2	y	ok
245	GENE=PMS1|GENE_NO=523|TRANSCRIPT=ENST00000441310.7|STRAND=+|COSMIC=COSG101002|REGION=5UTR(+)|VARIANT=2:189784514_G>T|ALT_INDEX=1|TX_POS=65|TX_CHANGE=G>T|G_CHANGE_CLASS=from_G	PMS1	523	ENST00000441310.7	+	COSG101002	5UTR(+)	164	1	63	3	y	ok
246	GENE=POLD1|GENE_NO=525|TRANSCRIPT=ENST00000440232.7|STRAND=+|COSMIC=COSG73728|REGION=5UTR(+)|VARIANT=19:50384360_A>G|ALT_INDEX=1|TX_POS=14|TX_CHANGE=A>G|G_CHANGE_CLASS=to_G	POLD1	525	ENST00000440232.7	+	COSG73728	5UTR(+)	45	1	34	2	y	ok
247	GENE=POLD1|GENE_NO=525|TRANSCRIPT=ENST00000440232.7|STRAND=+|COSMIC=COSG73728|REGION=5UTR(+)|VARIANT=19:50384361_G>A|ALT_INDEX=1|TX_POS=15|TX_CHANGE=G>A|G_CHANGE_CLASS=from_G	POLD1	525	ENST00000440232.7	+	COSG73728	5UTR(+)	45	1	30	2	y	ok
248	GENE=POLG|GENE_NO=527|TRANSCRIPT=ENST00000268124.11|STRAND=-|COSMIC=COSG75256|REGION=5UTR(-)|VARIANT=15:89333775_C>A|ALT_INDEX=1|TX_POS=291|TX_CHANGE=G>T|G_CHANGE_CLASS=from_G	POLG	527	ENST00000268124.11	-	COSG75256	5UTR(-)	311	2	59	3	y	ok
249	GENE=POLG|GENE_NO=527|TRANSCRIPT=ENST00000268124.11|STRAND=-|COSMIC=COSG75256|REGION=5UTR(-)|VARIANT=15:89333782_A>C|ALT_INDEX=1|TX_POS=284|TX_CHANGE=T>G|G_CHANGE_CLASS=to_G	POLG	527	ENST00000268124.11	-	COSG75256	5UTR(-)	311	2	59	3	y	ok
250	GENE=PPFIBP1|GENE_NO=534|TRANSCRIPT=ENST00000228425.11|STRAND=+|COSMIC=COSG71462|REGION=5UTR(+)|VARIANT=12:27524240_G>T|ALT_INDEX=1|TX_POS=35|TX_CHANGE=G>T|G_CHANGE_CLASS=from_G	PPFIBP1	534	ENST00000228425.11	+	COSG71462	5UTR(+)	283	1	34	2	y	ok
251	GENE=PRF1|GENE_NO=543|TRANSCRIPT=ENST00000441259.2|STRAND=-|COSMIC=COSG63548|REGION=5UTR(-)|VARIANT=10:70602696_C>T|ALT_INDEX=1|TX_POS=46|TX_CHANGE=G>A|G_CHANGE_CLASS=from_G	PRF1	543	ENST00000441259.2	-	COSG63548	5UTR(-)	127	1	26	2	y	ok
252	GENE=PRF1|GENE_NO=543|TRANSCRIPT=ENST00000441259.2|STRAND=-|COSMIC=COSG63548|REGION=5UTR(-)|VARIANT=10:70602723_C>T|ALT_INDEX=1|TX_POS=19|TX_CHANGE=G>A|G_CHANGE_CLASS=from_G	PRF1	543	ENST00000441259.2	-	COSG63548	5UTR(-)	127	1	27	2	y	ok
253	GENE=PRKAR1A|GENE_NO=545|TRANSCRIPT=ENST00000589228.6|STRAND=+|COSMIC=COSG89125|REGION=5UTR(+)|VARIANT=17:68512467_G>A|ALT_INDEX=1|TX_POS=38|TX_CHANGE=G>A|G_CHANGE_CLASS=from_G	PRKAR1A	545	ENST00000589228.6	+	COSG89125	5UTR(+)	125	1	31	2	y	ok
254	GENE=PRKAR1A|GENE_NO=545|TRANSCRIPT=ENST00000589228.6|STRAND=+|COSMIC=COSG89125|REGION=5UTR(+)|VARIANT=17:68512468_G>A|ALT_INDEX=1|TX_POS=39|TX_CHANGE=G>A|G_CHANGE_CLASS=from_G	PRKAR1A	545	ENST00000589228.6	+	COSG89125	5UTR(+)	125	1	31	2	y	ok
255	GENE=PRRX1|GENE_NO=549|TRANSCRIPT=ENST00000239461.11|STRAND=+|COSMIC=COSG107040|REGION=5UTR(+)|VARIANT=1:170664206_G>T|ALT_INDEX=1|TX_POS=76|TX_CHANGE=G>T|G_CHANGE_CLASS=from_G	PRRX1	549	ENST00000239461.11	+	COSG107040	5UTR(+)	88	1	64	3	y	ok
256	GENE=PTCH1|GENE_NO=551|TRANSCRIPT=ENST00000331920.11|STRAND=-|COSMIC=COSG110583|REGION=5UTR(-)|VARIANT=9:95508375_C>A|ALT_INDEX=1|TX_POS=892|TX_CHANGE=G>T|G_CHANGE_CLASS=from_G	PTCH1	551	ENST00000331920.11	-	COSG110583	5UTR(-)	905	4	82	4	y	ok
257	GENE=PTCH1|GENE_NO=551|TRANSCRIPT=ENST00000331920.11|STRAND=-|COSMIC=COSG110583|REGION=5UTR(-)|VARIANT=9:95508376_C>G|ALT_INDEX=1|TX_POS=891|TX_CHANGE=G>C|G_CHANGE_CLASS=from_G	PTCH1	551	ENST00000331920.11	-	COSG110583	5UTR(-)	905	4	82	4	y	ok
258	GENE=PTCH1|GENE_NO=551|TRANSCRIPT=ENST00000331920.11|STRAND=-|COSMIC=COSG110583|REGION=5UTR(-)|VARIANT=9:95508379_C>T|ALT_INDEX=1|TX_POS=888|TX_CHANGE=G>A|G_CHANGE_CLASS=from_G	PTCH1	551	ENST00000331920.11	-	COSG110583	5UTR(-)	905	4	82	4	y	ok
259	GENE=PTCH1|GENE_NO=551|TRANSCRIPT=ENST00000331920.11|STRAND=-|COSMIC=COSG110583|REGION=5UTR(-)|VARIANT=9:95508381_C>T|ALT_INDEX=1|TX_POS=886|TX_CHANGE=G>A|G_CHANGE_CLASS=from_G	PTCH1	551	ENST00000331920.11	-	COSG110583	5UTR(-)	905	4	82	4	y	ok
260	GENE=PTCH1|GENE_NO=551|TRANSCRIPT=ENST00000331920.11|STRAND=-|COSMIC=COSG110583|REGION=5UTR(-)|VARIANT=9:95508483_C>T|ALT_INDEX=1|TX_POS=784|TX_CHANGE=G>A|G_CHANGE_CLASS=from_G	PTCH1	551	ENST00000331920.11	-	COSG110583	5UTR(-)	905	3	82	4	y	ok
261	GENE=PTEN|GENE_NO=552|TRANSCRIPT=ENST00000371953.8|STRAND=+|COSMIC=COSG93969|REGION=5UTR(+)|VARIANT=10:87863686_G>T|ALT_INDEX=1|TX_POS=62|TX_CHANGE=G>T|G_CHANGE_CLASS=from_G	PTEN	552	ENST00000371953.8	+	COSG93969	5UTR(+)	845	5	55	3	y	ok
262	GENE=PTEN|GENE_NO=552|TRANSCRIPT=ENST00000371953.8|STRAND=+|COSMIC=COSG93969|REGION=5UTR(+)|VARIANT=10:87863689_G>C|ALT_INDEX=1|TX_POS=65|TX_CHANGE=G>C|G_CHANGE_CLASS=from_G	PTEN	552	ENST00000371953.8	+	COSG93969	5UTR(+)	845	5	55	3	y	ok
263	GENE=PTEN|GENE_NO=552|TRANSCRIPT=ENST00000371953.8|STRAND=+|COSMIC=COSG93969|REGION=5UTR(+)|VARIANT=10:87863692_G>A|ALT_INDEX=1|TX_POS=68|TX_CHANGE=G>A|G_CHANGE_CLASS=from_G	PTEN	552	ENST00000371953.8	+	COSG93969	5UTR(+)	845	5	55	3	y	ok
264	GENE=PTEN|GENE_NO=552|TRANSCRIPT=ENST00000371953.8|STRAND=+|COSMIC=COSG93969|REGION=5UTR(+)|VARIANT=10:87863693_G>A|ALT_INDEX=1|TX_POS=69|TX_CHANGE=G>A|G_CHANGE_CLASS=from_G	PTEN	552	ENST00000371953.8	+	COSG93969	5UTR(+)	845	5	55	3	y	ok
265	GENE=PTEN|GENE_NO=552|TRANSCRIPT=ENST00000371953.8|STRAND=+|COSMIC=COSG93969|REGION=5UTR(+)|VARIANT=10:87863693_G>C|ALT_INDEX=1|TX_POS=69|TX_CHANGE=G>C|G_CHANGE_CLASS=from_G	PTEN	552	ENST00000371953.8	+	COSG93969	5UTR(+)	845	5	55	3	y	ok
266	GENE=PTEN|GENE_NO=552|TRANSCRIPT=ENST00000371953.8|STRAND=+|COSMIC=COSG93969|REGION=5UTR(+)|VARIANT=10:87863693_G>T|ALT_INDEX=1|TX_POS=69|TX_CHANGE=G>T|G_CHANGE_CLASS=from_G	PTEN	552	ENST00000371953.8	+	COSG93969	5UTR(+)	845	5	55	3	y	ok
267	GENE=PTEN|GENE_NO=552|TRANSCRIPT=ENST00000371953.8|STRAND=+|COSMIC=COSG93969|REGION=5UTR(+)|VARIANT=10:87863694_G>C|ALT_INDEX=1|TX_POS=70|TX_CHANGE=G>C|G_CHANGE_CLASS=from_G	PTEN	552	ENST00000371953.8	+	COSG93969	5UTR(+)	845	5	55	3	y	ok
268	GENE=PTEN|GENE_NO=552|TRANSCRIPT=ENST00000371953.8|STRAND=+|COSMIC=COSG93969|REGION=5UTR(+)|VARIANT=10:87863699_G>A|ALT_INDEX=1|TX_POS=75|TX_CHANGE=G>A|G_CHANGE_CLASS=from_G	PTEN	552	ENST00000371953.8	+	COSG93969	5UTR(+)	845	5	55	3	y	ok
269	GENE=PTEN|GENE_NO=552|TRANSCRIPT=ENST00000371953.8|STRAND=+|COSMIC=COSG93969|REGION=5UTR(+)|VARIANT=10:87863700_G>A|ALT_INDEX=1|TX_POS=76|TX_CHANGE=G>A|G_CHANGE_CLASS=from_G	PTEN	552	ENST00000371953.8	+	COSG93969	5UTR(+)	845	5	55	3	y	ok
270	GENE=PTEN|GENE_NO=552|TRANSCRIPT=ENST00000371953.8|STRAND=+|COSMIC=COSG93969|REGION=5UTR(+)|VARIANT=10:87863879_G>A|ALT_INDEX=1|TX_POS=255|TX_CHANGE=G>A|G_CHANGE_CLASS=from_G	PTEN	552	ENST00000371953.8	+	COSG93969	5UTR(+)	845	5	48	3	y	ok
271	GENE=PTEN|GENE_NO=552|TRANSCRIPT=ENST00000371953.8|STRAND=+|COSMIC=COSG93969|REGION=5UTR(+)|VARIANT=10:87864178_G>A|ALT_INDEX=1|TX_POS=554|TX_CHANGE=G>A|G_CHANGE_CLASS=from_G	PTEN	552	ENST00000371953.8	+	COSG93969	5UTR(+)	845	5	55	3	y	ok
272	GENE=PTEN|GENE_NO=552|TRANSCRIPT=ENST00000371953.8|STRAND=+|COSMIC=COSG93969|REGION=5UTR(+)|VARIANT=10:87864181_G>A|ALT_INDEX=1|TX_POS=557|TX_CHANGE=G>A|G_CHANGE_CLASS=from_G	PTEN	552	ENST00000371953.8	+	COSG93969	5UTR(+)	845	5	55	3	y	ok
273	GENE=PTEN|GENE_NO=552|TRANSCRIPT=ENST00000371953.8|STRAND=+|COSMIC=COSG93969|REGION=5UTR(+)|VARIANT=10:87864181_G>C|ALT_INDEX=1|TX_POS=557|TX_CHANGE=G>C|G_CHANGE_CLASS=from_G	PTEN	552	ENST00000371953.8	+	COSG93969	5UTR(+)	845	5	55	3	y	ok
274	GENE=PTEN|GENE_NO=552|TRANSCRIPT=ENST00000371953.8|STRAND=+|COSMIC=COSG93969|REGION=5UTR(+)|VARIANT=10:87864250_G>A|ALT_INDEX=1|TX_POS=626|TX_CHANGE=G>A|G_CHANGE_CLASS=from_G	PTEN	552	ENST00000371953.8	+	COSG93969	5UTR(+)	845	4	55	3	y	ok
275	GENE=PTEN|GENE_NO=552|TRANSCRIPT=ENST00000371953.8|STRAND=+|COSMIC=COSG93969|REGION=5UTR(+)|VARIANT=10:87864322_G>A|ALT_INDEX=1|TX_POS=698|TX_CHANGE=G>A|G_CHANGE_CLASS=from_G	PTEN	552	ENST00000371953.8	+	COSG93969	5UTR(+)	845	5	55	3	y	ok
276	GENE=PTEN|GENE_NO=552|TRANSCRIPT=ENST00000371953.8|STRAND=+|COSMIC=COSG93969|REGION=5UTR(+)|VARIANT=10:87864328_G>A|ALT_INDEX=1|TX_POS=704|TX_CHANGE=G>A|G_CHANGE_CLASS=from_G	PTEN	552	ENST00000371953.8	+	COSG93969	5UTR(+)	845	5	55	3	y	ok
277	GENE=PTEN|GENE_NO=552|TRANSCRIPT=ENST00000371953.8|STRAND=+|COSMIC=COSG93969|REGION=5UTR(+)|VARIANT=10:87864334_G>C|ALT_INDEX=1|TX_POS=710|TX_CHANGE=G>C|G_CHANGE_CLASS=from_G	PTEN	552	ENST00000371953.8	+	COSG93969	5UTR(+)	845	5	55	3	y	ok
278	GENE=PTEN|GENE_NO=552|TRANSCRIPT=ENST00000371953.8|STRAND=+|COSMIC=COSG93969|REGION=5UTR(+)|VARIANT=10:87864343_G>A|ALT_INDEX=1|TX_POS=719|TX_CHANGE=G>A|G_CHANGE_CLASS=from_G	PTEN	552	ENST00000371953.8	+	COSG93969	5UTR(+)	845	5	55	3	y	ok
279	GENE=PTEN|GENE_NO=552|TRANSCRIPT=ENST00000371953.8|STRAND=+|COSMIC=COSG93969|REGION=5UTR(+)|VARIANT=10:87864346_G>A|ALT_INDEX=1|TX_POS=722|TX_CHANGE=G>A|G_CHANGE_CLASS=from_G	PTEN	552	ENST00000371953.8	+	COSG93969	5UTR(+)	845	5	55	3	y	ok
280	GENE=PTEN|GENE_NO=552|TRANSCRIPT=ENST00000371953.8|STRAND=+|COSMIC=COSG93969|REGION=5UTR(+)|VARIANT=10:87864349_A>G|ALT_INDEX=1|TX_POS=725|TX_CHANGE=A>G|G_CHANGE_CLASS=to_G	PTEN	552	ENST00000371953.8	+	COSG93969	5UTR(+)	845	5	55	3	y	ok
281	GENE=PTEN|GENE_NO=552|TRANSCRIPT=ENST00000371953.8|STRAND=+|COSMIC=COSG93969|REGION=5UTR(+)|VARIANT=10:87864352_G>C|ALT_INDEX=1|TX_POS=728|TX_CHANGE=G>C|G_CHANGE_CLASS=from_G	PTEN	552	ENST00000371953.8	+	COSG93969	5UTR(+)	845	5	55	3	y	ok
282	GENE=PTPN11|GENE_NO=554|TRANSCRIPT=ENST00000351677.7|STRAND=+|COSMIC=COSG69144|REGION=5UTR(+)|VARIANT=12:112418973_G>A|ALT_INDEX=1|TX_POS=27|TX_CHANGE=G>A|G_CHANGE_CLASS=from_G	PTPN11	554	ENST00000351677.7	+	COSG69144	5UTR(+)	165	2	35	2	y	ok
283	GENE=PTPN11|GENE_NO=554|TRANSCRIPT=ENST00000351677.7|STRAND=+|COSMIC=COSG69144|REGION=5UTR(+)|VARIANT=12:112419099_G>A|ALT_INDEX=1|TX_POS=153|TX_CHANGE=G>A|G_CHANGE_CLASS=from_G	PTPN11	554	ENST00000351677.7	+	COSG69144	5UTR(+)	165	2	35	2	y	ok
284	GENE=PTPN11|GENE_NO=554|TRANSCRIPT=ENST00000351677.7|STRAND=+|COSMIC=COSG69144|REGION=5UTR(+)|VARIANT=12:112419105_G>A|ALT_INDEX=1|TX_POS=159|TX_CHANGE=G>A|G_CHANGE_CLASS=from_G	PTPN11	554	ENST00000351677.7	+	COSG69144	5UTR(+)	165	2	35	2	y	ok
285	GENE=PTPN11|GENE_NO=554|TRANSCRIPT=ENST00000351677.7|STRAND=+|COSMIC=COSG69144|REGION=5UTR(+)|VARIANT=12:112419107_G>C|ALT_INDEX=1|TX_POS=161|TX_CHANGE=G>C|G_CHANGE_CLASS=from_G	PTPN11	554	ENST00000351677.7	+	COSG69144	5UTR(+)	165	2	34	2	y	ok
286	GENE=PTPRD|GENE_NO=559|TRANSCRIPT=ENST00000381196.9|STRAND=-|COSMIC=COSG115052|REGION=5UTR(-)|VARIANT=9:9938610_C>G|ALT_INDEX=1|TX_POS=552|TX_CHANGE=G>C|G_CHANGE_CLASS=from_G	PTPRD	559	ENST00000381196.9	-	COSG115052	5UTR(-)	1022	8	34	2	y	ok
287	GENE=RAD50|GENE_NO=568|TRANSCRIPT=ENST00000378823.8|STRAND=+|COSMIC=COSG82484|REGION=5UTR(+)|VARIANT=5:132557287_G>.|ALT_INDEX=1|TX_POS=311|TX_CHANGE=G>.|G_CHANGE_CLASS=from_G	RAD50	568	ENST00000378823.8	+	COSG82484	5UTR(+)	348	3	35	2	y	ok
288	GENE=RAD50|GENE_NO=568|TRANSCRIPT=ENST00000378823.8|STRAND=+|COSMIC=COSG82484|REGION=5UTR(+)|VARIANT=5:132557287_G>A|ALT_INDEX=1|TX_POS=311|TX_CHANGE=G>A|G_CHANGE_CLASS=from_G	RAD50	568	ENST00000378823.8	+	COSG82484	5UTR(+)	348	3	35	2	y	ok
289	GENE=RAD51C|GENE_NO=571|TRANSCRIPT=ENST00000337432.9|STRAND=+|COSMIC=COSG61292|REGION=5UTR(+)|VARIANT=17:58692608_A>G|ALT_INDEX=1|TX_POS=7|TX_CHANGE=A>G|G_CHANGE_CLASS=to_G	RAD51C	571	ENST00000337432.9	+	COSG61292	5UTR(+)	42	1	34	2	y	ok
290	GENE=RAD51C|GENE_NO=571|TRANSCRIPT=ENST00000337432.9|STRAND=+|COSMIC=COSG61292|REGION=5UTR(+)|VARIANT=17:58692616_T>G|ALT_INDEX=1|TX_POS=15|TX_CHANGE=T>G|G_CHANGE_CLASS=to_G	RAD51C	571	ENST00000337432.9	+	COSG61292	5UTR(+)	42	1	34	2	y	ok
291	GENE=RAD51C|GENE_NO=571|TRANSCRIPT=ENST00000337432.9|STRAND=+|COSMIC=COSG61292|REGION=5UTR(+)|VARIANT=17:58692620_C>G|ALT_INDEX=1|TX_POS=19|TX_CHANGE=C>G|G_CHANGE_CLASS=to_G	RAD51C	571	ENST00000337432.9	+	COSG61292	5UTR(+)	42	1	34	2	y	ok
292	GENE=RAD51C|GENE_NO=571|TRANSCRIPT=ENST00000337432.9|STRAND=+|COSMIC=COSG61292|REGION=5UTR(+)|VARIANT=17:58692622_G>C|ALT_INDEX=1|TX_POS=21|TX_CHANGE=G>C|G_CHANGE_CLASS=from_G	RAD51C	571	ENST00000337432.9	+	COSG61292	5UTR(+)	42	1	34	2	y	ok
293	GENE=RAD51C|GENE_NO=571|TRANSCRIPT=ENST00000337432.9|STRAND=+|COSMIC=COSG61292|REGION=5UTR(+)|VARIANT=17:58692624_G>A|ALT_INDEX=1|TX_POS=23|TX_CHANGE=G>A|G_CHANGE_CLASS=from_G	RAD51C	571	ENST00000337432.9	+	COSG61292	5UTR(+)	42	1	34	2	y	ok
294	GENE=RAD51C|GENE_NO=571|TRANSCRIPT=ENST00000337432.9|STRAND=+|COSMIC=COSG61292|REGION=5UTR(+)|VARIANT=17:58692624_G>C|ALT_INDEX=1|TX_POS=23|TX_CHANGE=G>C|G_CHANGE_CLASS=from_G	RAD51C	571	ENST00000337432.9	+	COSG61292	5UTR(+)	42	1	34	2	y	ok
295	GENE=RAD51C|GENE_NO=571|TRANSCRIPT=ENST00000337432.9|STRAND=+|COSMIC=COSG61292|REGION=5UTR(+)|VARIANT=17:58692624_G>T|ALT_INDEX=1|TX_POS=23|TX_CHANGE=G>T|G_CHANGE_CLASS=from_G	RAD51C	571	ENST00000337432.9	+	COSG61292	5UTR(+)	42	1	34	2	y	ok
296	GENE=RAD51C|GENE_NO=571|TRANSCRIPT=ENST00000337432.9|STRAND=+|COSMIC=COSG61292|REGION=5UTR(+)|VARIANT=17:58692625_G>A|ALT_INDEX=1|TX_POS=24|TX_CHANGE=G>A|G_CHANGE_CLASS=from_G	RAD51C	571	ENST00000337432.9	+	COSG61292	5UTR(+)	42	1	34	2	y	ok
297	GENE=RAD51C|GENE_NO=571|TRANSCRIPT=ENST00000337432.9|STRAND=+|COSMIC=COSG61292|REGION=5UTR(+)|VARIANT=17:58692625_G>T|ALT_INDEX=1|TX_POS=24|TX_CHANGE=G>T|G_CHANGE_CLASS=from_G	RAD51C	571	ENST00000337432.9	+	COSG61292	5UTR(+)	42	1	34	2	y	ok
298	GENE=RAD51C|GENE_NO=571|TRANSCRIPT=ENST00000337432.9|STRAND=+|COSMIC=COSG61292|REGION=5UTR(+)|VARIANT=17:58692626_T>G|ALT_INDEX=1|TX_POS=25|TX_CHANGE=T>G|G_CHANGE_CLASS=to_G	RAD51C	571	ENST00000337432.9	+	COSG61292	5UTR(+)	42	1	34	2	y	ok
299	GENE=RAD51C|GENE_NO=571|TRANSCRIPT=ENST00000337432.9|STRAND=+|COSMIC=COSG61292|REGION=5UTR(+)|VARIANT=17:58692629_G>T|ALT_INDEX=1|TX_POS=28|TX_CHANGE=G>T|G_CHANGE_CLASS=from_G	RAD51C	571	ENST00000337432.9	+	COSG61292	5UTR(+)	42	1	34	2	y	ok
300	GENE=RAD51C|GENE_NO=571|TRANSCRIPT=ENST00000337432.9|STRAND=+|COSMIC=COSG61292|REGION=5UTR(+)|VARIANT=17:58692631_A>G|ALT_INDEX=1|TX_POS=30|TX_CHANGE=A>G|G_CHANGE_CLASS=to_G	RAD51C	571	ENST00000337432.9	+	COSG61292	5UTR(+)	42	1	34	2	y	ok
301	GENE=RAD51C|GENE_NO=571|TRANSCRIPT=ENST00000337432.9|STRAND=+|COSMIC=COSG61292|REGION=5UTR(+)|VARIANT=17:58692632_G>C|ALT_INDEX=1|TX_POS=31|TX_CHANGE=G>C|G_CHANGE_CLASS=from_G	RAD51C	571	ENST00000337432.9	+	COSG61292	5UTR(+)	42	1	31	2	y	ok
302	GENE=RAD51C|GENE_NO=571|TRANSCRIPT=ENST00000337432.9|STRAND=+|COSMIC=COSG61292|REGION=5UTR(+)|VARIANT=17:58692633_G>A|ALT_INDEX=1|TX_POS=32|TX_CHANGE=G>A|G_CHANGE_CLASS=from_G	RAD51C	571	ENST00000337432.9	+	COSG61292	5UTR(+)	42	1	31	2	y	ok
303	GENE=RAD51D|GENE_NO=572|TRANSCRIPT=ENST00000345365.11|STRAND=-|COSMIC=COSG100674|REGION=5UTR(-)|VARIANT=17:35119620_C>A|ALT_INDEX=1|TX_POS=241|TX_CHANGE=G>T|G_CHANGE_CLASS=from_G	RAD51D	572	ENST00000345365.11	-	COSG100674	5UTR(-)	247	3	62	3	y	ok
304	GENE=RAD51D|GENE_NO=572|TRANSCRIPT=ENST00000345365.11|STRAND=-|COSMIC=COSG100674|REGION=5UTR(-)|VARIANT=17:35119620_C>G|ALT_INDEX=1|TX_POS=241|TX_CHANGE=G>C|G_CHANGE_CLASS=from_G	RAD51D	572	ENST00000345365.11	-	COSG100674	5UTR(-)	247	3	62	3	y	ok
305	GENE=RAD51D|GENE_NO=572|TRANSCRIPT=ENST00000345365.11|STRAND=-|COSMIC=COSG100674|REGION=5UTR(-)|VARIANT=17:35119620_C>T|ALT_INDEX=1|TX_POS=241|TX_CHANGE=G>A|G_CHANGE_CLASS=from_G	RAD51D	572	ENST00000345365.11	-	COSG100674	5UTR(-)	247	3	62	3	y	ok
306	GENE=RAD51D|GENE_NO=572|TRANSCRIPT=ENST00000345365.11|STRAND=-|COSMIC=COSG100674|REGION=5UTR(-)|VARIANT=17:35119623_A>C|ALT_INDEX=1|TX_POS=238|TX_CHANGE=T>G|G_CHANGE_CLASS=to_G	RAD51D	572	ENST00000345365.11	-	COSG100674	5UTR(-)	247	3	62	3	y	ok
307	GENE=RAD51D|GENE_NO=572|TRANSCRIPT=ENST00000345365.11|STRAND=-|COSMIC=COSG100674|REGION=5UTR(-)|VARIANT=17:35119632_C>T|ALT_INDEX=1|TX_POS=229|TX_CHANGE=G>A|G_CHANGE_CLASS=from_G	RAD51D	572	ENST00000345365.11	-	COSG100674	5UTR(-)	247	3	62	3	y	ok
308	GENE=RAD51D|GENE_NO=572|TRANSCRIPT=ENST00000345365.11|STRAND=-|COSMIC=COSG100674|REGION=5UTR(-)|VARIANT=17:35119635_C>T|ALT_INDEX=1|TX_POS=226|TX_CHANGE=G>A|G_CHANGE_CLASS=from_G	RAD51D	572	ENST00000345365.11	-	COSG100674	5UTR(-)	247	3	62	3	y	ok
309	GENE=RAF1|GENE_NO=573|TRANSCRIPT=ENST00000251849.9|STRAND=-|COSMIC=COSG112523|REGION=5UTR(-)|VARIANT=3:12663995_C>T|ALT_INDEX=1|TX_POS=123|TX_CHANGE=G>A|G_CHANGE_CLASS=from_G	RAF1	573	ENST00000251849.9	-	COSG112523	5UTR(-)	331	2	58	3	y	ok
310	GENE=RANBP2|GENE_NO=575|TRANSCRIPT=ENST00000283195.11|STRAND=+|COSMIC=COSG59445|REGION=5UTR(+)|VARIANT=2:108719566_G>T|ALT_INDEX=1|TX_POS=85|TX_CHANGE=G>T|G_CHANGE_CLASS=from_G	RANBP2	575	ENST00000283195.11	+	COSG59445	5UTR(+)	125	1	34	2	y	ok
311	GENE=RB1|GENE_NO=580|TRANSCRIPT=ENST00000267163.6|STRAND=+|COSMIC=COSG77480|REGION=5UTR(+)|VARIANT=13:48303758_G>A|ALT_INDEX=1|TX_POS=8|TX_CHANGE=G>A|G_CHANGE_CLASS=from_G	RB1	580	ENST00000267163.6	+	COSG77480	5UTR(+)	162	2	52	3	y	ok
312	GENE=RB1|GENE_NO=580|TRANSCRIPT=ENST00000267163.6|STRAND=+|COSMIC=COSG77480|REGION=5UTR(+)|VARIANT=13:48303758_G>C|ALT_INDEX=1|TX_POS=8|TX_CHANGE=G>C|G_CHANGE_CLASS=from_G	RB1	580	ENST00000267163.6	+	COSG77480	5UTR(+)	162	2	52	3	y	ok
313	GENE=RB1|GENE_NO=580|TRANSCRIPT=ENST00000267163.6|STRAND=+|COSMIC=COSG77480|REGION=5UTR(+)|VARIANT=13:48303760_G>C|ALT_INDEX=1|TX_POS=10|TX_CHANGE=G>C|G_CHANGE_CLASS=from_G	RB1	580	ENST00000267163.6	+	COSG77480	5UTR(+)	162	2	52	3	y	ok
314	GENE=RB1|GENE_NO=580|TRANSCRIPT=ENST00000267163.6|STRAND=+|COSMIC=COSG77480|REGION=5UTR(+)|VARIANT=13:48303760_G>T|ALT_INDEX=1|TX_POS=10|TX_CHANGE=G>T|G_CHANGE_CLASS=from_G	RB1	580	ENST00000267163.6	+	COSG77480	5UTR(+)	162	2	52	3	y	ok
315	GENE=RB1|GENE_NO=580|TRANSCRIPT=ENST00000267163.6|STRAND=+|COSMIC=COSG77480|REGION=5UTR(+)|VARIANT=13:48303762_G>A|ALT_INDEX=1|TX_POS=12|TX_CHANGE=G>A|G_CHANGE_CLASS=from_G	RB1	580	ENST00000267163.6	+	COSG77480	5UTR(+)	162	2	53	3	y	ok
316	GENE=RB1|GENE_NO=580|TRANSCRIPT=ENST00000267163.6|STRAND=+|COSMIC=COSG77480|REGION=5UTR(+)|VARIANT=13:48303762_G>C|ALT_INDEX=1|TX_POS=12|TX_CHANGE=G>C|G_CHANGE_CLASS=from_G	RB1	580	ENST00000267163.6	+	COSG77480	5UTR(+)	162	2	53	3	y	ok
317	GENE=RB1|GENE_NO=580|TRANSCRIPT=ENST00000267163.6|STRAND=+|COSMIC=COSG77480|REGION=5UTR(+)|VARIANT=13:48303763_G>A|ALT_INDEX=1|TX_POS=13|TX_CHANGE=G>A|G_CHANGE_CLASS=from_G	RB1	580	ENST00000267163.6	+	COSG77480	5UTR(+)	162	2	52	3	y	ok
318	GENE=RB1|GENE_NO=580|TRANSCRIPT=ENST00000267163.6|STRAND=+|COSMIC=COSG77480|REGION=5UTR(+)|VARIANT=13:48303763_G>C|ALT_INDEX=1|TX_POS=13|TX_CHANGE=G>C|G_CHANGE_CLASS=from_G	RB1	580	ENST00000267163.6	+	COSG77480	5UTR(+)	162	2	52	3	y	ok
319	GENE=RB1|GENE_NO=580|TRANSCRIPT=ENST00000267163.6|STRAND=+|COSMIC=COSG77480|REGION=5UTR(+)|VARIANT=13:48303764_G>A|ALT_INDEX=1|TX_POS=14|TX_CHANGE=G>A|G_CHANGE_CLASS=from_G	RB1	580	ENST00000267163.6	+	COSG77480	5UTR(+)	162	2	52	3	y	ok
320	GENE=RB1|GENE_NO=580|TRANSCRIPT=ENST00000267163.6|STRAND=+|COSMIC=COSG77480|REGION=5UTR(+)|VARIANT=13:48303764_G>T|ALT_INDEX=1|TX_POS=14|TX_CHANGE=G>T|G_CHANGE_CLASS=from_G	RB1	580	ENST00000267163.6	+	COSG77480	5UTR(+)	162	2	52	3	y	ok
321	GENE=RB1|GENE_NO=580|TRANSCRIPT=ENST00000267163.6|STRAND=+|COSMIC=COSG77480|REGION=5UTR(+)|VARIANT=13:48303765_G>A|ALT_INDEX=1|TX_POS=15|TX_CHANGE=G>A|G_CHANGE_CLASS=from_G	RB1	580	ENST00000267163.6	+	COSG77480	5UTR(+)	162	2	52	3	y	ok
322	GENE=RB1|GENE_NO=580|TRANSCRIPT=ENST00000267163.6|STRAND=+|COSMIC=COSG77480|REGION=5UTR(+)|VARIANT=13:48303766_G>A|ALT_INDEX=1|TX_POS=16|TX_CHANGE=G>A|G_CHANGE_CLASS=from_G	RB1	580	ENST00000267163.6	+	COSG77480	5UTR(+)	162	2	53	3	y	ok
323	GENE=RB1|GENE_NO=580|TRANSCRIPT=ENST00000267163.6|STRAND=+|COSMIC=COSG77480|REGION=5UTR(+)|VARIANT=13:48303770_G>A|ALT_INDEX=1|TX_POS=20|TX_CHANGE=G>A|G_CHANGE_CLASS=from_G	RB1	580	ENST00000267163.6	+	COSG77480	5UTR(+)	162	2	52	3	y	ok
324	GENE=RB1|GENE_NO=580|TRANSCRIPT=ENST00000267163.6|STRAND=+|COSMIC=COSG77480|REGION=5UTR(+)|VARIANT=13:48303778_G>A|ALT_INDEX=1|TX_POS=28|TX_CHANGE=G>A|G_CHANGE_CLASS=from_G	RB1	580	ENST00000267163.6	+	COSG77480	5UTR(+)	162	2	53	3	y	ok
325	GENE=RB1|GENE_NO=580|TRANSCRIPT=ENST00000267163.6|STRAND=+|COSMIC=COSG77480|REGION=5UTR(+)|VARIANT=13:48303779_G>A|ALT_INDEX=1|TX_POS=29|TX_CHANGE=G>A|G_CHANGE_CLASS=from_G	RB1	580	ENST00000267163.6	+	COSG77480	5UTR(+)	162	2	53	3	y	ok
326	GENE=RB1|GENE_NO=580|TRANSCRIPT=ENST00000267163.6|STRAND=+|COSMIC=COSG77480|REGION=5UTR(+)|VARIANT=13:48303779_G>C|ALT_INDEX=1|TX_POS=29|TX_CHANGE=G>C|G_CHANGE_CLASS=from_G	RB1	580	ENST00000267163.6	+	COSG77480	5UTR(+)	162	2	53	3	y	ok
327	GENE=RB1|GENE_NO=580|TRANSCRIPT=ENST00000267163.6|STRAND=+|COSMIC=COSG77480|REGION=5UTR(+)|VARIANT=13:48303779_G>T|ALT_INDEX=1|TX_POS=29|TX_CHANGE=G>T|G_CHANGE_CLASS=from_G	RB1	580	ENST00000267163.6	+	COSG77480	5UTR(+)	162	2	53	3	y	ok
328	GENE=RB1|GENE_NO=580|TRANSCRIPT=ENST00000267163.6|STRAND=+|COSMIC=COSG77480|REGION=5UTR(+)|VARIANT=13:48303780_T>G|ALT_INDEX=1|TX_POS=30|TX_CHANGE=T>G|G_CHANGE_CLASS=to_G	RB1	580	ENST00000267163.6	+	COSG77480	5UTR(+)	162	2	63	3	y	ok
329	GENE=RB1|GENE_NO=580|TRANSCRIPT=ENST00000267163.6|STRAND=+|COSMIC=COSG77480|REGION=5UTR(+)|VARIANT=13:48303785_C>G|ALT_INDEX=1|TX_POS=35|TX_CHANGE=C>G|G_CHANGE_CLASS=to_G	RB1	580	ENST00000267163.6	+	COSG77480	5UTR(+)	162	2	53	3	y	ok
330	GENE=RB1|GENE_NO=580|TRANSCRIPT=ENST00000267163.6|STRAND=+|COSMIC=COSG77480|REGION=5UTR(+)|VARIANT=13:48303788_A>G|ALT_INDEX=1|TX_POS=38|TX_CHANGE=A>G|G_CHANGE_CLASS=to_G	RB1	580	ENST00000267163.6	+	COSG77480	5UTR(+)	162	2	54	3	y	ok
331	GENE=RB1|GENE_NO=580|TRANSCRIPT=ENST00000267163.6|STRAND=+|COSMIC=COSG77480|REGION=5UTR(+)|VARIANT=13:48303789_G>A|ALT_INDEX=1|TX_POS=39|TX_CHANGE=G>A|G_CHANGE_CLASS=from_G	RB1	580	ENST00000267163.6	+	COSG77480	5UTR(+)	162	2	52	3	y	ok
332	GENE=RB1|GENE_NO=580|TRANSCRIPT=ENST00000267163.6|STRAND=+|COSMIC=COSG77480|REGION=5UTR(+)|VARIANT=13:48303790_G>A|ALT_INDEX=1|TX_POS=40|TX_CHANGE=G>A|G_CHANGE_CLASS=from_G	RB1	580	ENST00000267163.6	+	COSG77480	5UTR(+)	162	2	36	2	y	ok
333	GENE=RB1|GENE_NO=580|TRANSCRIPT=ENST00000267163.6|STRAND=+|COSMIC=COSG77480|REGION=5UTR(+)|VARIANT=13:48303791_G>T|ALT_INDEX=1|TX_POS=41|TX_CHANGE=G>T|G_CHANGE_CLASS=from_G	RB1	580	ENST00000267163.6	+	COSG77480	5UTR(+)	162	2	36	2	y	ok
334	GENE=RB1|GENE_NO=580|TRANSCRIPT=ENST00000267163.6|STRAND=+|COSMIC=COSG77480|REGION=5UTR(+)|VARIANT=13:48303870_G>A|ALT_INDEX=1|TX_POS=120|TX_CHANGE=G>A|G_CHANGE_CLASS=from_G	RB1	580	ENST00000267163.6	+	COSG77480	5UTR(+)	162	1	53	3	y	ok
335	GENE=RB1|GENE_NO=580|TRANSCRIPT=ENST00000267163.6|STRAND=+|COSMIC=COSG77480|REGION=5UTR(+)|VARIANT=13:48303884_C>G|ALT_INDEX=1|TX_POS=134|TX_CHANGE=C>G|G_CHANGE_CLASS=to_G	RB1	580	ENST00000267163.6	+	COSG77480	5UTR(+)	162	2	53	3	y	ok
336	GENE=RB1|GENE_NO=580|TRANSCRIPT=ENST00000267163.6|STRAND=+|COSMIC=COSG77480|REGION=5UTR(+)|VARIANT=13:48303897_G>C|ALT_INDEX=1|TX_POS=147|TX_CHANGE=G>C|G_CHANGE_CLASS=from_G	RB1	580	ENST00000267163.6	+	COSG77480	5UTR(+)	162	2	53	3	y	ok
337	GENE=RB1|GENE_NO=580|TRANSCRIPT=ENST00000267163.6|STRAND=+|COSMIC=COSG77480|REGION=5UTR(+)|VARIANT=13:48303898_C>G|ALT_INDEX=1|TX_POS=148|TX_CHANGE=C>G|G_CHANGE_CLASS=to_G	RB1	580	ENST00000267163.6	+	COSG77480	5UTR(+)	162	2	53	3	y	ok
338	GENE=RB1|GENE_NO=580|TRANSCRIPT=ENST00000267163.6|STRAND=+|COSMIC=COSG77480|REGION=5UTR(+)|VARIANT=13:48303902_G>A|ALT_INDEX=1|TX_POS=152|TX_CHANGE=G>A|G_CHANGE_CLASS=from_G	RB1	580	ENST00000267163.6	+	COSG77480	5UTR(+)	162	1	53	3	y	ok
339	GENE=RB1|GENE_NO=580|TRANSCRIPT=ENST00000267163.6|STRAND=+|COSMIC=COSG77480|REGION=5UTR(+)|VARIANT=13:48303902_G>C|ALT_INDEX=1|TX_POS=152|TX_CHANGE=G>C|G_CHANGE_CLASS=from_G	RB1	580	ENST00000267163.6	+	COSG77480	5UTR(+)	162	1	53	3	y	ok
340	GENE=RB1|GENE_NO=580|TRANSCRIPT=ENST00000267163.6|STRAND=+|COSMIC=COSG77480|REGION=5UTR(+)|VARIANT=13:48303907_G>A|ALT_INDEX=1|TX_POS=157|TX_CHANGE=G>A|G_CHANGE_CLASS=from_G	RB1	580	ENST00000267163.6	+	COSG77480	5UTR(+)	162	1	53	3	y	ok
341	GENE=RPL5|GENE_NO=601|TRANSCRIPT=ENST00000370321.8|STRAND=+|COSMIC=COSG101735|REGION=5UTR(+)|VARIANT=1:92832067_G>A|ALT_INDEX=1|TX_POS=28|TX_CHANGE=G>A|G_CHANGE_CLASS=from_G	RPL5	601	ENST00000370321.8	+	COSG101735	5UTR(+)	75	1	29	2	y	ok
342	GENE=RPL5|GENE_NO=601|TRANSCRIPT=ENST00000370321.8|STRAND=+|COSMIC=COSG101735|REGION=5UTR(+)|VARIANT=1:92832069_C>G|ALT_INDEX=1|TX_POS=30|TX_CHANGE=C>G|G_CHANGE_CLASS=to_G	RPL5	601	ENST00000370321.8	+	COSG101735	5UTR(+)	75	1	29	2	y	ok
343	GENE=RPL5|GENE_NO=601|TRANSCRIPT=ENST00000370321.8|STRAND=+|COSMIC=COSG101735|REGION=5UTR(+)|VARIANT=1:92832077_C>G|ALT_INDEX=1|TX_POS=38|TX_CHANGE=C>G|G_CHANGE_CLASS=to_G	RPL5	601	ENST00000370321.8	+	COSG101735	5UTR(+)	75	1	29	2	y	ok
344	GENE=SDHAF2|GENE_NO=614|TRANSCRIPT=ENST00000301761.7|STRAND=+|COSMIC=COSG70475|REGION=5UTR(+)|VARIANT=11:61430136_A>G|ALT_INDEX=1|TX_POS=13|TX_CHANGE=A>G|G_CHANGE_CLASS=to_G	SDHAF2	614	ENST00000301761.7	+	COSG70475	5UTR(+)	23	1	34	2	y	ok
345	GENE=SDHAF2|GENE_NO=614|TRANSCRIPT=ENST00000301761.7|STRAND=+|COSMIC=COSG70475|REGION=5UTR(+)|VARIANT=11:61430142_G>A|ALT_INDEX=1|TX_POS=19|TX_CHANGE=G>A|G_CHANGE_CLASS=from_G	SDHAF2	614	ENST00000301761.7	+	COSG70475	5UTR(+)	23	1	33	2	y	ok
346	GENE=SDHAF2|GENE_NO=614|TRANSCRIPT=ENST00000301761.7|STRAND=+|COSMIC=COSG70475|REGION=5UTR(+)|VARIANT=11:61430142_G>T|ALT_INDEX=1|TX_POS=19|TX_CHANGE=G>T|G_CHANGE_CLASS=from_G	SDHAF2	614	ENST00000301761.7	+	COSG70475	5UTR(+)	23	1	33	2	y	ok
347	GENE=SDHD|GENE_NO=617|TRANSCRIPT=ENST00000375549.8|STRAND=+|COSMIC=COSG95892|REGION=5UTR(+)|VARIANT=11:112086881_G>C|ALT_INDEX=1|TX_POS=9|TX_CHANGE=G>C|G_CHANGE_CLASS=from_G	SDHD	617	ENST00000375549.8	+	COSG95892	5UTR(+)	35	0	0	0	n	ok
348	GENE=SDHD|GENE_NO=617|TRANSCRIPT=ENST00000375549.8|STRAND=+|COSMIC=COSG95892|REGION=5UTR(+)|VARIANT=11:112086893_G>T|ALT_INDEX=1|TX_POS=21|TX_CHANGE=G>T|G_CHANGE_CLASS=from_G	SDHD	617	ENST00000375549.8	+	COSG95892	5UTR(+)	35	1	25	2	y	ok
349	GENE=SDHD|GENE_NO=617|TRANSCRIPT=ENST00000375549.8|STRAND=+|COSMIC=COSG95892|REGION=5UTR(+)|VARIANT=11:112086900_G>A|ALT_INDEX=1|TX_POS=28|TX_CHANGE=G>A|G_CHANGE_CLASS=from_G	SDHD	617	ENST00000375549.8	+	COSG95892	5UTR(+)	35	0	0	0	n	ok
350	GENE=SETBP1|GENE_NO=622|TRANSCRIPT=ENST00000649279.2|STRAND=+|COSMIC=COSG82137|REGION=5UTR(+)|VARIANT=18:44680946_G>T|ALT_INDEX=1|TX_POS=59|TX_CHANGE=G>T|G_CHANGE_CLASS=from_G	SETBP1	622	ENST00000649279.2	+	COSG82137	5UTR(+)	306	1	30	2	y	ok
351	GENE=SIX1|GENE_NO=634|TRANSCRIPT=ENST00000645694.3|STRAND=-|COSMIC=COSG59671|REGION=5UTR(-)|VARIANT=14:60649444_C>A|ALT_INDEX=1|TX_POS=34|TX_CHANGE=G>T|G_CHANGE_CLASS=from_G	SIX1	634	ENST00000645694.3	-	COSG59671	5UTR(-)	288	2	35	2	y	ok
352	GENE=SMARCB1|GENE_NO=643|TRANSCRIPT=ENST00000644036.2|STRAND=+|COSMIC=COSG106041|REGION=5UTR(+)|VARIANT=22:23787013_G>A|ALT_INDEX=1|TX_POS=48|TX_CHANGE=G>A|G_CHANGE_CLASS=from_G	SMARCB1	643	ENST00000644036.2	+	COSG106041	5UTR(+)	204	1	35	2	y	ok
353	GENE=SMC1A|GENE_NO=646|TRANSCRIPT=ENST00000322213.9|STRAND=-|COSMIC=COSG73424|REGION=5UTR(-)|VARIANT=X:53422607_C>T|ALT_INDEX=1|TX_POS=48|TX_CHANGE=G>A|G_CHANGE_CLASS=from_G	SMC1A	646	ENST00000322213.9	-	COSG73424	5UTR(-)	54	1	26	2	y	ok
354	GENE=SOS1|GENE_NO=651|TRANSCRIPT=ENST00000402219.8|STRAND=-|COSMIC=COSG84335|REGION=5UTR(-)|VARIANT=2:39120443_G>C|ALT_INDEX=1|TX_POS=609|TX_CHANGE=C>G|G_CHANGE_CLASS=to_G	SOS1	651	ENST00000402219.8	-	COSG84335	5UTR(-)	629	4	78	4	y	ok
355	GENE=SOS1|GENE_NO=651|TRANSCRIPT=ENST00000402219.8|STRAND=-|COSMIC=COSG84335|REGION=5UTR(-)|VARIANT=2:39120469_G>C|ALT_INDEX=1|TX_POS=583|TX_CHANGE=C>G|G_CHANGE_CLASS=to_G	SOS1	651	ENST00000402219.8	-	COSG84335	5UTR(-)	629	4	78	4	y	ok
356	GENE=SOX2|GENE_NO=652|TRANSCRIPT=ENST00000325404.3|STRAND=+|COSMIC=COSG104377|REGION=5UTR(+)|VARIANT=3:181712341_G>T|ALT_INDEX=1|TX_POS=417|TX_CHANGE=G>T|G_CHANGE_CLASS=from_G	SOX2	652	ENST00000325404.3	+	COSG104377	5UTR(+)	436	3	36	2	y	ok
357	GENE=STAG1|GENE_NO=666|TRANSCRIPT=ENST00000383202.7|STRAND=-|COSMIC=COSG104937|REGION=5UTR(-)|VARIANT=3:136752237_C>A|ALT_INDEX=1|TX_POS=142|TX_CHANGE=G>T|G_CHANGE_CLASS=from_G	STAG1	666	ENST00000383202.7	-	COSG104937	5UTR(-)	267	2	36	2	y	ok
358	GENE=STAT3|GENE_NO=668|TRANSCRIPT=ENST00000264657.10|STRAND=-|COSMIC=COSG84383|REGION=5UTR(-)|VARIANT=17:42388394_C>T|ALT_INDEX=1|TX_POS=49|TX_CHANGE=G>A|G_CHANGE_CLASS=from_G	STAT3	668	ENST00000264657.10	-	COSG84383	5UTR(-)	187	1	34	2	y	ok
359	GENE=STAT3|GENE_NO=668|TRANSCRIPT=ENST00000264657.10|STRAND=-|COSMIC=COSG84383|REGION=5UTR(-)|VARIANT=17:42388412_T>C|ALT_INDEX=1|TX_POS=31|TX_CHANGE=A>G|G_CHANGE_CLASS=to_G	STAT3	668	ENST00000264657.10	-	COSG84383	5UTR(-)	187	1	34	2	y	ok
360	GENE=STIL|GENE_NO=671|TRANSCRIPT=ENST00000371877.8|STRAND=-|COSMIC=COSG80911|REGION=5UTR(-)|VARIANT=1:47314113_G>C|ALT_INDEX=1|TX_POS=35|TX_CHANGE=C>G|G_CHANGE_CLASS=to_G	STIL	671	ENST00000371877.8	-	COSG80911	5UTR(-)	155	2	36	2	y	ok
361	GENE=STK11|GENE_NO=672|TRANSCRIPT=ENST00000326873.12|STRAND=+|COSMIC=COSG67170|REGION=5UTR(+)|VARIANT=19:1206131_G>A|ALT_INDEX=1|TX_POS=354|TX_CHANGE=G>A|G_CHANGE_CLASS=from_G	STK11	672	ENST00000326873.12	+	COSG67170	5UTR(+)	1136	4	62	3	y	ok
362	GENE=STK11|GENE_NO=672|TRANSCRIPT=ENST00000326873.12|STRAND=+|COSMIC=COSG67170|REGION=5UTR(+)|VARIANT=19:1206139_G>A|ALT_INDEX=1|TX_POS=362|TX_CHANGE=G>A|G_CHANGE_CLASS=from_G	STK11	672	ENST00000326873.12	+	COSG67170	5UTR(+)	1136	4	69	4	y	ok
363	GENE=STK11|GENE_NO=672|TRANSCRIPT=ENST00000326873.12|STRAND=+|COSMIC=COSG67170|REGION=5UTR(+)|VARIANT=19:1206764_G>A|ALT_INDEX=1|TX_POS=987|TX_CHANGE=G>A|G_CHANGE_CLASS=from_G	STK11	672	ENST00000326873.12	+	COSG67170	5UTR(+)	1136	4	69	4	y	ok
364	GENE=STK11|GENE_NO=672|TRANSCRIPT=ENST00000326873.12|STRAND=+|COSMIC=COSG67170|REGION=5UTR(+)|VARIANT=19:1206786_G>T|ALT_INDEX=1|TX_POS=1009|TX_CHANGE=G>T|G_CHANGE_CLASS=from_G	STK11	672	ENST00000326873.12	+	COSG67170	5UTR(+)	1136	3	69	4	y	ok
365	GENE=STK11|GENE_NO=672|TRANSCRIPT=ENST00000326873.12|STRAND=+|COSMIC=COSG67170|REGION=5UTR(+)|VARIANT=19:1206880_G>C|ALT_INDEX=1|TX_POS=1103|TX_CHANGE=G>C|G_CHANGE_CLASS=from_G	STK11	672	ENST00000326873.12	+	COSG67170	5UTR(+)	1136	4	69	4	y	ok
366	GENE=SUFU|GENE_NO=675|TRANSCRIPT=ENST00000369902.8|STRAND=+|COSMIC=COSG111528|REGION=5UTR(+)|VARIANT=10:102503990_A>G|ALT_INDEX=1|TX_POS=19|TX_CHANGE=A>G|G_CHANGE_CLASS=to_G	SUFU	675	ENST00000369902.8	+	COSG111528	5UTR(+)	181	1	36	2	y	ok
367	GENE=TBX3|GENE_NO=682|TRANSCRIPT=ENST00000349155.7|STRAND=-|COSMIC=COSG61092|REGION=5UTR(-)|VARIANT=12:114683229_C>A|ALT_INDEX=1|TX_POS=947|TX_CHANGE=G>T|G_CHANGE_CLASS=from_G	TBX3	682	ENST00000349155.7	-	COSG61092	5UTR(-)	975	7	36	2	y	ok
368	GENE=TBX3|GENE_NO=682|TRANSCRIPT=ENST00000349155.7|STRAND=-|COSMIC=COSG61092|REGION=5UTR(-)|VARIANT=12:114683475_T>C|ALT_INDEX=1|TX_POS=701|TX_CHANGE=A>G|G_CHANGE_CLASS=to_G	TBX3	682	ENST00000349155.7	-	COSG61092	5UTR(-)	975	7	36	2	y	ok
369	GENE=TBX3|GENE_NO=682|TRANSCRIPT=ENST00000349155.7|STRAND=-|COSMIC=COSG61092|REGION=5UTR(-)|VARIANT=12:114683592_T>C|ALT_INDEX=1|TX_POS=584|TX_CHANGE=A>G|G_CHANGE_CLASS=to_G	TBX3	682	ENST00000349155.7	-	COSG61092	5UTR(-)	975	7	36	2	y	ok
370	GENE=TCF3|GENE_NO=685|TRANSCRIPT=ENST00000262965.12|STRAND=-|COSMIC=COSG59650|REGION=5UTR(-)|VARIANT=19:1650259_C>G|ALT_INDEX=1|TX_POS=345|TX_CHANGE=G>C|G_CHANGE_CLASS=from_G	TCF3	685	ENST00000262965.12	-	COSG59650	5UTR(-)	355	3	63	3	y	ok
371	GENE=TERT|GENE_NO=690|TRANSCRIPT=ENST00000310581.10|STRAND=-|COSMIC=COSG76097|REGION=5UTR(-)|VARIANT=5:1295020_C>G|ALT_INDEX=1|TX_POS=49|TX_CHANGE=G>C|G_CHANGE_CLASS=from_G	TERT	690	ENST00000310581.10	-	COSG76097	5UTR(-)	79	1	22	2	y	ok
372	GENE=TERT|GENE_NO=690|TRANSCRIPT=ENST00000310581.10|STRAND=-|COSMIC=COSG76097|REGION=5UTR(-)|VARIANT=5:1295034_C>A|ALT_INDEX=1|TX_POS=35|TX_CHANGE=G>T|G_CHANGE_CLASS=from_G	TERT	690	ENST00000310581.10	-	COSG76097	5UTR(-)	79	1	22	2	y	ok
373	GENE=TERT|GENE_NO=690|TRANSCRIPT=ENST00000310581.10|STRAND=-|COSMIC=COSG76097|REGION=5UTR(-)|VARIANT=5:1295042_T>C|ALT_INDEX=1|TX_POS=27|TX_CHANGE=A>G|G_CHANGE_CLASS=to_G	TERT	690	ENST00000310581.10	-	COSG76097	5UTR(-)	79	1	24	2	y	ok
374	GENE=TFG|GENE_NO=695|TRANSCRIPT=ENST00000240851.9|STRAND=+|COSMIC=COSG60365|REGION=5UTR(+)|VARIANT=3:100709616_G>C|ALT_INDEX=1|TX_POS=123|TX_CHANGE=G>C|G_CHANGE_CLASS=from_G	TFG	695	ENST00000240851.9	+	COSG60365	5UTR(+)	271	2	35	2	y	ok
375	GENE=TFPT|GENE_NO=696|TRANSCRIPT=ENST00000391759.6|STRAND=-|COSMIC=COSG94651|REGION=5UTR(-)|VARIANT=19:54115463_C>T|ALT_INDEX=1|TX_POS=195|TX_CHANGE=G>A|G_CHANGE_CLASS=from_G	TFPT	696	ENST00000391759.6	-	COSG94651	5UTR(-)	388	2	35	2	y	ok
376	GENE=TFRC|GENE_NO=697|TRANSCRIPT=ENST00000360110.9|STRAND=-|COSMIC=COSG93056|REGION=5UTR(-)|VARIANT=3:196082069_C>T|ALT_INDEX=1|TX_POS=22|TX_CHANGE=G>A|G_CHANGE_CLASS=from_G	TFRC	697	ENST00000360110.9	-	COSG93056	5UTR(-)	71	1	35	2	y	ok
377	GENE=TGFBR1|GENE_NO=698|TRANSCRIPT=ENST00000374994.9|STRAND=+|COSMIC=COSG101127|REGION=5UTR(+)|VARIANT=9:99105175_G>A|ALT_INDEX=1|TX_POS=63|TX_CHANGE=G>A|G_CHANGE_CLASS=from_G	TGFBR1	698	ENST00000374994.9	+	COSG101127	5UTR(+)	93	1	36	2	y	ok
378	GENE=TGFBR1|GENE_NO=698|TRANSCRIPT=ENST00000374994.9|STRAND=+|COSMIC=COSG101127|REGION=5UTR(+)|VARIANT=9:99105196_C>G|ALT_INDEX=1|TX_POS=84|TX_CHANGE=C>G|G_CHANGE_CLASS=to_G	TGFBR1	698	ENST00000374994.9	+	COSG101127	5UTR(+)	93	1	58	3	y	ok
379	GENE=TGFBR1|GENE_NO=698|TRANSCRIPT=ENST00000374994.9|STRAND=+|COSMIC=COSG101127|REGION=5UTR(+)|VARIANT=9:99105201_G>A|ALT_INDEX=1|TX_POS=89|TX_CHANGE=G>A|G_CHANGE_CLASS=from_G	TGFBR1	698	ENST00000374994.9	+	COSG101127	5UTR(+)	93	1	53	3	y	ok
380	GENE=TGFBR1|GENE_NO=698|TRANSCRIPT=ENST00000374994.9|STRAND=+|COSMIC=COSG101127|REGION=5UTR(+)|VARIANT=9:99105202_G>A|ALT_INDEX=1|TX_POS=90|TX_CHANGE=G>A|G_CHANGE_CLASS=from_G	TGFBR1	698	ENST00000374994.9	+	COSG101127	5UTR(+)	93	1	53	3	y	ok
381	GENE=TGFBR2|GENE_NO=699|TRANSCRIPT=ENST00000295754.10|STRAND=+|COSMIC=COSG68111|REGION=5UTR(+)|VARIANT=3:30606818_A>G|ALT_INDEX=1|TX_POS=218|TX_CHANGE=A>G|G_CHANGE_CLASS=to_G	TGFBR2	699	ENST00000295754.10	+	COSG68111	5UTR(+)	283	1	54	3	y	ok
382	GENE=TGFBR2|GENE_NO=699|TRANSCRIPT=ENST00000295754.10|STRAND=+|COSMIC=COSG68111|REGION=5UTR(+)|VARIANT=3:30606825_C>G|ALT_INDEX=1|TX_POS=225|TX_CHANGE=C>G|G_CHANGE_CLASS=to_G	TGFBR2	699	ENST00000295754.10	+	COSG68111	5UTR(+)	283	1	52	3	y	ok
383	GENE=TMEM127|GENE_NO=703|TRANSCRIPT=ENST00000258439.8|STRAND=-|COSMIC=COSG94256|REGION=5UTR(-)|VARIANT=2:96265979_C>T|ALT_INDEX=1|TX_POS=19|TX_CHANGE=G>A|G_CHANGE_CLASS=from_G	TMEM127	703	ENST00000258439.8	-	COSG94256	5UTR(-)	260	2	62	3	y	ok
384	GENE=TP53|GENE_NO=712|TRANSCRIPT=ENST00000269305.9|STRAND=-|COSMIC=COSG115384|REGION=5UTR(-)|VARIANT=17:7687450_G>C|ALT_INDEX=1|TX_POS=41|TX_CHANGE=C>G|G_CHANGE_CLASS=to_G	TP53	712	ENST00000269305.9	-	COSG115384	5UTR(-)	142	1	58	3	y	ok
385	GENE=TP53|GENE_NO=712|TRANSCRIPT=ENST00000269305.9|STRAND=-|COSMIC=COSG115384|REGION=5UTR(-)|VARIANT=17:7687459_T>C|ALT_INDEX=1|TX_POS=32|TX_CHANGE=A>G|G_CHANGE_CLASS=to_G	TP53	712	ENST00000269305.9	-	COSG115384	5UTR(-)	142	1	60	3	y	ok
386	GENE=TRIP11|GENE_NO=724|TRANSCRIPT=ENST00000267622.8|STRAND=-|COSMIC=COSG101385|REGION=5UTR(-)|VARIANT=14:92039940_C>T|ALT_INDEX=1|TX_POS=120|TX_CHANGE=G>A|G_CHANGE_CLASS=from_G	TRIP11	724	ENST00000267622.8	-	COSG101385	5UTR(-)	374	2	35	2	y	ok
387	GENE=TRIP11|GENE_NO=724|TRANSCRIPT=ENST00000267622.8|STRAND=-|COSMIC=COSG101385|REGION=5UTR(-)|VARIANT=14:92039952_T>C|ALT_INDEX=1|TX_POS=108|TX_CHANGE=A>G|G_CHANGE_CLASS=to_G	TRIP11	724	ENST00000267622.8	-	COSG101385	5UTR(-)	374	2	35	2	y	ok
388	GENE=TRIP11|GENE_NO=724|TRANSCRIPT=ENST00000267622.8|STRAND=-|COSMIC=COSG101385|REGION=5UTR(-)|VARIANT=14:92039957_C>G|ALT_INDEX=1|TX_POS=103|TX_CHANGE=G>C|G_CHANGE_CLASS=from_G	TRIP11	724	ENST00000267622.8	-	COSG101385	5UTR(-)	374	3	35	2	y	ok
389	GENE=TSC1|GENE_NO=726|TRANSCRIPT=ENST00000298552.9|STRAND=-|COSMIC=COSG74466|REGION=5UTR(-)|VARIANT=9:132944555_C>T|ALT_INDEX=1|TX_POS=62|TX_CHANGE=G>A|G_CHANGE_CLASS=from_G	TSC1	726	ENST00000298552.9	-	COSG74466	5UTR(-)	217	1	35	2	y	ok
390	GENE=TSC1|GENE_NO=726|TRANSCRIPT=ENST00000298552.9|STRAND=-|COSMIC=COSG74466|REGION=5UTR(-)|VARIANT=9:132944558_C>T|ALT_INDEX=1|TX_POS=59|TX_CHANGE=G>A|G_CHANGE_CLASS=from_G	TSC1	726	ENST00000298552.9	-	COSG74466	5UTR(-)	217	1	34	2	y	ok
391	GENE=TSC1|GENE_NO=726|TRANSCRIPT=ENST00000298552.9|STRAND=-|COSMIC=COSG74466|REGION=5UTR(-)|VARIANT=9:132944565_T>C|ALT_INDEX=1|TX_POS=52|TX_CHANGE=A>G|G_CHANGE_CLASS=to_G	TSC1	726	ENST00000298552.9	-	COSG74466	5UTR(-)	217	1	36	2	y	ok
392	GENE=TSC2|GENE_NO=727|TRANSCRIPT=ENST00000219476.9|STRAND=+|COSMIC=COSG57978|REGION=5UTR(+)|VARIANT=16:2048008_A>G|ALT_INDEX=1|TX_POS=24|TX_CHANGE=A>G|G_CHANGE_CLASS=to_G	TSC2	727	ENST00000219476.9	+	COSG57978	5UTR(+)	110	1	52	3	y	ok
393	GENE=TSC2|GENE_NO=727|TRANSCRIPT=ENST00000219476.9|STRAND=+|COSMIC=COSG57978|REGION=5UTR(+)|VARIANT=16:2048010_G>C|ALT_INDEX=1|TX_POS=26|TX_CHANGE=G>C|G_CHANGE_CLASS=from_G	TSC2	727	ENST00000219476.9	+	COSG57978	5UTR(+)	110	1	36	2	y	ok
394	GENE=TSC2|GENE_NO=727|TRANSCRIPT=ENST00000219476.9|STRAND=+|COSMIC=COSG57978|REGION=5UTR(+)|VARIANT=16:2048013_G>T|ALT_INDEX=1|TX_POS=29|TX_CHANGE=G>T|G_CHANGE_CLASS=from_G	TSC2	727	ENST00000219476.9	+	COSG57978	5UTR(+)	110	1	36	2	y	ok
395	GENE=TSC2|GENE_NO=727|TRANSCRIPT=ENST00000219476.9|STRAND=+|COSMIC=COSG57978|REGION=5UTR(+)|VARIANT=16:2048030_G>C|ALT_INDEX=1|TX_POS=46|TX_CHANGE=G>C|G_CHANGE_CLASS=from_G	TSC2	727	ENST00000219476.9	+	COSG57978	5UTR(+)	110	1	52	3	y	ok
396	GENE=VHL|GENE_NO=737|TRANSCRIPT=ENST00000256474.3|STRAND=+|COSMIC=COSG111666|REGION=5UTR(+)|VARIANT=3:10141820_G>C|ALT_INDEX=1|TX_POS=43|TX_CHANGE=G>C|G_CHANGE_CLASS=from_G	VHL	737	ENST00000256474.3	+	COSG111666	5UTR(+)	70	1	34	2	y	ok
397	GENE=VHL|GENE_NO=737|TRANSCRIPT=ENST00000256474.3|STRAND=+|COSMIC=COSG111666|REGION=5UTR(+)|VARIANT=3:10141822_C>G|ALT_INDEX=1|TX_POS=45|TX_CHANGE=C>G|G_CHANGE_CLASS=to_G	VHL	737	ENST00000256474.3	+	COSG111666	5UTR(+)	70	1	35	2	y	ok
398	GENE=VHL|GENE_NO=737|TRANSCRIPT=ENST00000256474.3|STRAND=+|COSMIC=COSG111666|REGION=5UTR(+)|VARIANT=3:10141825_G>C|ALT_INDEX=1|TX_POS=48|TX_CHANGE=G>C|G_CHANGE_CLASS=from_G	VHL	737	ENST00000256474.3	+	COSG111666	5UTR(+)	70	1	34	2	y	ok
399	GENE=VHL|GENE_NO=737|TRANSCRIPT=ENST00000256474.3|STRAND=+|COSMIC=COSG111666|REGION=5UTR(+)|VARIANT=3:10141829_G>T|ALT_INDEX=1|TX_POS=52|TX_CHANGE=G>T|G_CHANGE_CLASS=from_G	VHL	737	ENST00000256474.3	+	COSG111666	5UTR(+)	70	1	34	2	y	ok
400	GENE=VHL|GENE_NO=737|TRANSCRIPT=ENST00000256474.3|STRAND=+|COSMIC=COSG111666|REGION=5UTR(+)|VARIANT=3:10141835_G>C|ALT_INDEX=1|TX_POS=58|TX_CHANGE=G>C|G_CHANGE_CLASS=from_G	VHL	737	ENST00000256474.3	+	COSG111666	5UTR(+)	70	1	34	2	y	ok
401	GENE=VHL|GENE_NO=737|TRANSCRIPT=ENST00000256474.3|STRAND=+|COSMIC=COSG111666|REGION=5UTR(+)|VARIANT=3:10141835_G>T|ALT_INDEX=1|TX_POS=58|TX_CHANGE=G>T|G_CHANGE_CLASS=from_G	VHL	737	ENST00000256474.3	+	COSG111666	5UTR(+)	70	1	34	2	y	ok
402	GENE=WRN|GENE_NO=743|TRANSCRIPT=ENST00000298139.7|STRAND=+|COSMIC=COSG61815|REGION=5UTR(+)|VARIANT=8:31033837_G>A|ALT_INDEX=1|TX_POS=28|TX_CHANGE=G>A|G_CHANGE_CLASS=from_G	WRN	743	ENST00000298139.7	+	COSG61815	5UTR(+)	240	1	33	2	y	ok
403	GENE=WRN|GENE_NO=743|TRANSCRIPT=ENST00000298139.7|STRAND=+|COSMIC=COSG61815|REGION=5UTR(+)|VARIANT=8:31033841_T>G|ALT_INDEX=1|TX_POS=32|TX_CHANGE=T>G|G_CHANGE_CLASS=to_G	WRN	743	ENST00000298139.7	+	COSG61815	5UTR(+)	240	1	34	2	y	ok
404	GENE=WT1|GENE_NO=744|TRANSCRIPT=ENST00000452863.10|STRAND=-|COSMIC=COSG61501|REGION=5UTR(-)|VARIANT=11:32435391_C>A|ALT_INDEX=1|TX_POS=149|TX_CHANGE=G>T|G_CHANGE_CLASS=from_G	WT1	744	ENST00000452863.10	-	COSG61501	5UTR(-)	179	2	34	2	y	ok
405	GENE=XPO1|GENE_NO=748|TRANSCRIPT=ENST00000401558.7|STRAND=-|COSMIC=COSG68225|REGION=5UTR(-)|VARIANT=2:61538052_C>A|ALT_INDEX=1|TX_POS=305|TX_CHANGE=G>T|G_CHANGE_CLASS=from_G	XPO1	748	ENST00000401558.7	-	COSG68225	5UTR(-)	801	5	50	3	y	ok
406	GENE=YWHAE|GENE_NO=750|TRANSCRIPT=ENST00000264335.13|STRAND=-|COSMIC=COSG73314|REGION=5UTR(-)|VARIANT=17:1400164_C>G|ALT_INDEX=1|TX_POS=59|TX_CHANGE=G>C|G_CHANGE_CLASS=from_G	YWHAE	750	ENST00000264335.13	-	COSG73314	5UTR(-)	112	1	25	2	y	ok
