region	axis	CLNSIG_SIMPLE	n_variants	n_gscore_changed	pct_gscore_changed	mean_abs_delta_all	mean_abs_delta_when_changed	mean_signed_delta	ROLE_SHORT
3utr	ClinVar_CLNSIG	Uncertain significance	307	32	10.423452768729641	0.6221498371335505	5.96875	-0.46579804560260585	
3utr	ClinVar_CLNSIG	Likely benign	106	8	7.547169811320755	0.5471698113207547	7.25	-0.18867924528301888	
3utr	ClinVar_CLNSIG	Conflicting	30	2	6.666666666666667	0.36666666666666664	5.5	-0.36666666666666664	
3utr	ClinVar_CLNSIG	Not reported	47	3	6.382978723404255	0.06382978723404255	1.0	-0.06382978723404255	
3utr	ClinVar_CLNSIG	Benign	142	7	4.929577464788732	0.3873239436619718	7.857142857142857	-0.3732394366197183	
3utr	COSMIC_role		442	39	8.823529411764707	0.5588235294117647	6.333333333333333	-0.39592760180995473	TSG
3utr	COSMIC_role		195	17	8.717948717948717	0.558974358974359	6.411764705882353	-0.5384615384615384	fusion
3utr	COSMIC_role		193	14	7.253886010362694	0.47150259067357514	6.5	-0.38860103626943004	oncogene
3utr	COSMIC_role		22	1	4.545454545454546	0.22727272727272727	5.0	0.22727272727272727	Not reported
