CLNDN_TERM	n_variants	n_gscore_changed	pct_gscore_changed	mean_abs_delta_all	mean_abs_delta_when_changed	mean_signed_delta
Progressive sclerosing poliodystrophy	18	8	44.44444444444444	0.7222222222222222	1.625	0.16666666666666666
Tuberous sclerosis syndrome	10	4	40.0	7.2	18.0	-7.2
Nephrotic syndrome, type 4	8	1	12.5	0.125	1.0	-0.125
Meacham syndrome	8	1	12.5	0.125	1.0	-0.125
Isolated focal cortical dysplasia type II	17	2	11.764705882352942	2.1176470588235294	18.0	-2.1176470588235294
Von Hippel-Lindau syndrome	12	1	8.333333333333334	2.1666666666666665	26.0	-2.1666666666666665
CBL-related disorder	12	1	8.333333333333334	1.6666666666666667	20.0	-1.6666666666666667
Hereditary thrombocytopenia and hematologic cancer predisposition syndrome	13	1	7.6923076923076925	0.23076923076923078	3.0	-0.23076923076923078
Hereditary thrombocytopenia and hematological cancer predisposition syndrome associated with RUNX1	13	1	7.6923076923076925	0.23076923076923078	3.0	-0.23076923076923078
Congenital myopathy 4B, autosomal recessive	14	1	7.142857142857143	0.21428571428571427	3.0	-0.21428571428571427
Congenital myopathy with fiber type disproportion	17	1	5.882352941176471	0.17647058823529413	3.0	-0.17647058823529413
Hereditary cancer-predisposing syndrome	21	1	4.761904761904762	0.8571428571428571	18.0	0.8571428571428571
Loeys-Dietz syndrome	23	1	4.3478260869565215	1.173913043478261	27.0	-1.173913043478261
Familial thoracic aortic aneurysm and aortic dissection	28	1	3.5714285714285716	0.9642857142857143	27.0	-0.9642857142857143
Landau-Kleffner syndrome	9	0	0.0	0.0		0.0
Juvenile polyposis/hereditary hemorrhagic telangiectasia syndrome	14	0	0.0	0.0		0.0
Loeys-Dietz syndrome 1	14	0	0.0	0.0		0.0
Immunodeficiency 104	10	0	0.0	0.0		0.0
Medulloblastoma	11	0	0.0	0.0		0.0
Multiple endocrine neoplasia, type 1	9	0	0.0	0.0		0.0
Myhre syndrome	8	0	0.0	0.0		0.0
Hereditary diffuse gastric adenocarcinoma	13	0	0.0	0.0		0.0
Neurofibromatosis, type 2	8	0	0.0	0.0		0.0
Peutz-Jeghers syndrome	11	0	0.0	0.0		0.0
Pheochromocytoma	12	0	0.0	0.0		0.0
Generalized juvenile polyposis/juvenile polyposis coli	9	0	0.0	0.0		0.0
Tuberous sclerosis 1	15	0	0.0	0.0		0.0
Tuberous sclerosis 2	13	0	0.0	0.0		0.0
Amyotrophic neuralgia	8	0	0.0	0.0		0.0
